"corpus_id","scheme","stratum","path_stratum","source_article","source_key","source_year","outcome_slug","dataset_id","analysis_id","analysis_variant","parent_dataset_id","exclusion_reason","n_studies","has_excl_variant","mu_RE","mu_RE_lCI","mu_RE_uCI","mu_BC","mu_BC_lCI","mu_BC_uCI","tau_RE","tau_RE_lCI","tau_RE_uCI","tau_BC","tau_BC_lCI","tau_BC_uCI","prior_p_effect","post_p_effect","log10BF_effect","prior_p_het","post_p_het","log10BF_het","prior_p_bias","post_p_bias","log10BF_bias","prior_p_no_bias","post_p_no_bias","log10BF_no_bias","prior_p_muplus_omega0","post_p_muplus_omega0","log10BF_muplus_omega0","prior_p_mu0_omega0","post_p_mu0_omega0","log10BF_mu0_omega0","prior_p_muplus_omegaplus","post_p_muplus_omegaplus","log10BF_muplus_omegaplus","prior_p_mu0_omegaplus","post_p_mu0_omegaplus","log10BF_mu0_omegaplus","prior_p_rigor_effect","post_p_rigor_effect","log10BF_rigor_effect","prior_p_rigor_no_effect","post_p_rigor_no_effect","log10BF_rigor_no_effect","log10BF_rigor","rigor_direction","rigor_margin","rigor_category","family_evidence_uncertain","partition_ok","unresolved_labels","component_probability_validation_ok","component_bf_validation_ok","component_validation_ok","validation_failure_reason","schema_version","estimand_version","config_hash","robma_version","run_id","ODR","EDR","Soric_FDR","MissingN","abs_mu_RE","abs_mu_BC","attenuation_abs","attenuation_pct","shrink50","sign_flip","bc_ci_includes_zero","claimed_effect","effect_evidence_category","het_evidence_category","bias_evidence_category","no_bias_evidence_category","rigor_direction_display","rigor_margin_reporting","n_outcomes_in_source","article_weight","zplot_diag_joined"
"nutrition_v4","nutrition_domain","caffeine","caffeine","cai2012","cai2012",2012,"hdl_cholesterol","cai2012_caffeine_hdl_cholesterol","nutrition_v4__caffeine__cai2012__hdl_cholesterol__main","main",NA,NA,17,FALSE,-0.00420387613965263,-0.104904875502132,0.0973690876029987,-0.000915347308094271,-0.023588535704275,0,0.0871344607947332,0.00348912447368362,0.243794344557271,0.0150876814839653,0,0.146711426582944,0.5,0.0617,-1.18205655229251,0.5,0.199633333333333,-0.603055934662869,0.5,0.231766666666667,-0.520442172433786,0.5,0.768233333333333,0.520442172433786,0.25,0.0442333333333333,-0.85748095712326,0.25,0.724,0.895950738851592,0.25,0.0174666666666667,-1.27301600614736,0.25,0.2143,-0.0871133273834035,0.25,0.0442333333333333,-0.85748095712326,0.25,0.724,0.895950738851592,0.895950738851592,"no_effect",1.75343169597485,"clean_no_effect_supported",FALSE,TRUE,0,TRUE,TRUE,TRUE,"ok","sidecar_v4.0","rigor_selected_v1","7011227781d12d21","4.0.0","20260516T153915_cai2012_caffeine_hdl_cholesterol",0.06,0.0500000000000001,1,0,0.00420387613965263,0.000915347308094271,0.00328852883155836,78.226111386576,TRUE,FALSE,TRUE,FALSE,"strong_negative","moderate_negative","moderate_negative","moderate_positive","No effect",1.75343169597485,4,0.25,TRUE
"nutrition_v4","nutrition_domain","caffeine","caffeine","cai2012","cai2012",2012,"ldl_cholesterol","cai2012_caffeine_ldl_cholesterol","nutrition_v4__caffeine__cai2012__ldl_cholesterol__main","main",NA,NA,15,FALSE,0.233809377567947,0.0539653644015893,0.410079584048388,0.0949161508742379,-0.0612631592947981,0.360695507545436,0.236389337434843,0.0464554084374054,0.450332209185001,0.229511065738103,0,0.468231598970519,0.5,0.5027,0.00469042599585037,0.5,0.887433333333333,0.896725931526368,0.5,0.599866666666667,0.175849997740714,0.5,0.400133333333333,-0.175849997740714,0.25,0.326533333333333,0.162732671332027,0.25,0.0736,-0.6227994773262,0.25,0.176166666666667,-0.192794368433688,0.25,0.4237,0.343531099139296,0.25,0.326533333333333,0.162732671332027,0.25,0.0736,-0.6227994773262,0.162732671332027,"effect",0.785532148658227,"inconclusive_clean_evidence",FALSE,TRUE,0,TRUE,TRUE,TRUE,"ok","sidecar_v4.0","rigor_selected_v1","7011227781d12d21","4.0.0","20260516T153943_cai2012_caffeine_ldl_cholesterol",0.2,0.22599387937527,0.180257820958776,0,0.233809377567947,0.0949161508742379,0.138893226693709,-59.4044721980176,TRUE,FALSE,TRUE,TRUE,"inconclusive","moderate_positive","inconclusive","inconclusive","Effect",0.785532148658227,4,0.25,TRUE
"nutrition_v4","nutrition_domain","caffeine","caffeine","cai2012","cai2012",2012,"total_cholesterol","cai2012_caffeine_total_cholesterol","nutrition_v4__caffeine__cai2012__total_cholesterol__main","main",NA,NA,22,FALSE,0.318569655503154,0.180706472837051,0.47008013245837,0.054857706233285,-0.103221444459153,0.360701866825264,0.239345118238402,0.0990352756030367,0.412489993222549,0.269545666749334,0,0.504720946434642,0.5,0.350533333333333,-0.267827543465407,0.5,0.9733,1.5617354620108,0.5,0.9229,1.07810026793597,0.5,0.0771,-1.07810026793597,0.25,0.0765333333333333,-0.604449340095806,0.25,0.000566666666666667,-2.76930490866057,0.25,0.274,0.0539351968399568,0.25,0.6489,0.743868199413065,0.25,0.0765333333333333,-0.604449340095806,0.25,0.000566666666666667,-2.76930490866057,-0.604449340095806,"effect",2.16485556856476,"clean_evidence_disfavored",FALSE,TRUE,0,TRUE,TRUE,TRUE,"ok","sidecar_v4.0","rigor_selected_v1","7011227781d12d21","4.0.0","20260516T154011_cai2012_caffeine_total_cholesterol",0.36,0.259349219679829,0.150305523701731,0,0.318569655503154,0.054857706233285,0.263711949269869,-82.7799963726483,TRUE,FALSE,TRUE,TRUE,"inconclusive","strong_positive","strong_positive","strong_negative","Effect",2.16485556856476,4,0.25,TRUE
"nutrition_v4","nutrition_domain","caffeine","caffeine","cai2012","cai2012",2012,"triglycerides","cai2012_caffeine_triglycerides","nutrition_v4__caffeine__cai2012__triglycerides__main","main",NA,NA,11,FALSE,0.26597619243022,0.0639005459705607,0.472228642494908,0.0776125058732833,-0.100313566531125,0.385354932766979,0.24353341706183,0.046925105921022,0.486513173032062,0.243284583091886,0,0.501190614675577,0.5,0.4189,-0.142140515077554,0.5,0.914433333333333,1.02884743482092,0.5,0.738833333333333,0.451628734830744,0.5,0.261166666666667,-0.451628734830744,0.25,0.216933333333333,-0.0803511931864359,0.25,0.0442333333333333,-0.85748095712326,0.25,0.201966666666667,-0.119620079431129,0.25,0.536866666666667,0.541281654937734,0.25,0.216933333333333,-0.0803511931864359,0.25,0.0442333333333333,-0.85748095712326,-0.0803511931864359,"effect",0.777129763936825,"inconclusive_clean_evidence",FALSE,TRUE,0,TRUE,TRUE,TRUE,"ok","sidecar_v4.0","rigor_selected_v1","7011227781d12d21","4.0.0","20260516T154042_cai2012_caffeine_triglycerides",0.27,0.263560726749678,0.147062736678014,0,0.26597619243022,0.0776125058732833,0.188363686556937,-70.8197545185758,TRUE,FALSE,TRUE,TRUE,"inconclusive","strong_positive","inconclusive","inconclusive","Effect",0.777129763936824,4,0.25,TRUE
"nutrition_v4","nutrition_domain","caffeine","caffeine","chen2024","chen2024",2024,"time_trial_performance_excl","chen2024_caffeine_time_trial_performance_excl","nutrition_v4__caffeine__chen2024__time_trial_performance__excl","exclusion_sensitivity","chen2024_caffeine_time_trial_performance","unspecified__see_data_dictionary",14,TRUE,0.430223205751633,0.194123675121058,0.6648851533716,0.0577964731383973,-0.605045218346424,0.550604714621932,0.133815984596678,0.00557331521841987,0.382010387875673,0.0538896557024763,0,0.3621660000363,0.5,0.463066666666667,-0.0642768462966692,0.5,0.3445,-0.279383469782458,0.5,0.854466666666667,0.768732648606814,0.5,0.145533333333333,-0.768732648606814,0.25,0.144833333333333,-0.294060983487056,0.25,7e-04,-2.67747659267692,0.25,0.318233333333333,0.146231158931961,0.25,0.536233333333333,0.540175531406412,0.25,0.144833333333333,-0.294060983487056,0.25,7e-04,-2.67747659267692,-0.294060983487056,"effect",2.38341560918986,"inconclusive_clean_evidence",FALSE,TRUE,0,TRUE,TRUE,TRUE,"ok","sidecar_v4.0","rigor_selected_v1","7011227781d12d21","4.0.0","20260516T154109_chen2024_caffeine_time_trial_performance_excl",0.14,0.0614030457165668,0.804517745922488,0,0.430223205751633,0.0577964731383973,0.372426732613236,-86.5659331329135,TRUE,FALSE,TRUE,TRUE,"inconclusive","inconclusive","moderate_positive","moderate_negative","Effect",2.38341560918986,1,1,TRUE
"nutrition_v4","nutrition_domain","caffeine","caffeine","grgic2018","grgic2018",2018,"max_muscular_strength","grgic2018_caffeine_max_muscular_strength","nutrition_v4__caffeine__grgic2018__max_muscular_strength__main","main",NA,NA,11,FALSE,0.19388199446994,0.0124754862875492,0.375197426562945,-0.000931259738755024,-0.204137736247456,0.196804378853373,0.0900813696854444,0.00348783985534868,0.27356497569536,0.0255358428903198,0,0.21320308898522,0.5,0.2008,-0.599891766744944,0.5,0.253033333333333,-0.470123485181957,0.5,0.934866666666667,1.15694637031629,0.5,0.0651333333333333,-1.15694637031629,0.25,0.0378,-0.928652298009658,0.25,0.0273333333333333,-1.07415018045405,0.25,0.163,-0.23341659886964,0.25,0.771866666666667,1.00647479474537,0.25,0.0378,-0.928652298009658,0.25,0.0273333333333333,-1.07415018045405,-0.928652298009658,"effect",0.145497882444396,"clean_evidence_disfavored",FALSE,TRUE,0,TRUE,TRUE,TRUE,"ok","sidecar_v4.0","rigor_selected_v1","7011227781d12d21","4.0.0","20260516T154138_grgic2018_caffeine_max_muscular_strength",0,0.0500000000000001,1,15.2371797480097,0.19388199446994,0.000931259738755024,0.192950734731185,-100.480322962068,TRUE,TRUE,TRUE,FALSE,"moderate_negative","inconclusive","strong_positive","strong_negative","Effect",0.145497882444392,1,1,TRUE
"nutrition_v4","nutrition_domain","caffeine","caffeine","grgic2019","grgic2019",2019,"isokinetic_muscular_strength","grgic2019_caffeine_isokinetic_muscular_strength","nutrition_v4__caffeine__grgic2019__isokinetic_muscular_strength__main","main",NA,NA,10,FALSE,0.158918285875783,0.0314324289636139,0.286955157004701,0.0541157225275535,0,0.242313172495103,0.164133279147092,0.0598596942709404,0.320787572885755,0.175417914709329,0.0376065933043384,0.336627143147468,0.5,0.405266666666667,-0.16658139598494,0.5,0.978633333333333,1.66088322942692,0.5,0.6429,0.255353575568709,0.5,0.3571,-0.255353575568709,0.25,0.2455,-0.0104864929329589,0.25,0.1116,-0.423823100555214,0.25,0.159766666666667,-0.243792477674092,0.25,0.483133333333333,0.447809732068433,0.25,0.2455,-0.0104864929329589,0.25,0.1116,-0.423823100555214,-0.0104864929329589,"effect",0.413336607622255,"inconclusive_clean_evidence",FALSE,TRUE,0,TRUE,TRUE,TRUE,"ok","sidecar_v4.0","rigor_selected_v1","7011227781d12d21","4.0.0","20260516T154209_grgic2019_caffeine_isokinetic_muscular_strength",0.4,0.396118899319063,0.0802365549832655,0,0.158918285875783,0.0541157225275535,0.104802563348229,-65.9474539199016,TRUE,FALSE,TRUE,FALSE,"inconclusive","strong_positive","inconclusive","inconclusive","Effect",0.413336607622255,1,1,TRUE
"nutrition_v4","nutrition_domain","caffeine","caffeine","irwin2020","irwin2020",2020,"attention_accuracy","irwin2020_caffeine_attention_accuracy","nutrition_v4__caffeine__irwin2020__attention_accuracy__main","main",NA,NA,27,FALSE,0.661011334280292,0.462397082258967,0.869697940324044,0.0741574571987659,-0.167039216511573,0.596306199041297,0.398847245962554,0.238304461505748,0.599523451570534,0.357720440049917,0.216035191644068,0.531988637541181,0.5,0.3575,-0.254597085866233,0.5,1,Inf,0.5,0.9773,1.63400204157717,0.5,0.0227,-1.63400204157717,0.25,0.0227,-1.15688078685751,0.25,0,-Inf,0.25,0.3348,0.178954463493403,0.25,0.6425,0.731718340585895,0.25,0.0227,-1.15688078685751,0.25,0,-Inf,-1.15688078685751,"effect",Inf,"clean_evidence_disfavored",FALSE,TRUE,0,TRUE,TRUE,TRUE,"ok","sidecar_v4.0","rigor_selected_v1","7011227781d12d21","4.0.0","20260516T154236_irwin2020_caffeine_attention_accuracy",0.52,0.208015904290183,0.200385513151945,0,0.661011334280292,0.0741574571987659,0.586853877081526,-88.781212461431,TRUE,FALSE,TRUE,TRUE,"inconclusive","strong_positive","strong_positive","strong_negative","Effect",Inf,6,0.166666666666667,TRUE
"nutrition_v4","nutrition_domain","caffeine","caffeine","irwin2020","irwin2020",2020,"attention_speed","irwin2020_caffeine_attention_speed","nutrition_v4__caffeine__irwin2020__attention_speed__main","main",NA,NA,44,FALSE,0.673058760700146,0.525964246997269,0.823205554060282,0.344009339499451,0,0.77053520555568,0.359304737965929,0.224893195481006,0.515126967879386,0.396637369046593,0.229044923978115,0.723161574906048,0.5,0.720333333333333,0.410892806054541,0.5,0.999966666666667,4.4771067779957,0.5,0.7722,0.530176077544949,0.5,0.2278,-0.530176077544949,0.25,0.2278,-0.0530548228252863,0.25,0,-Inf,0.25,0.492533333333333,0.464149361872883,0.25,0.279666666666667,0.0662284486651215,0.25,0.2278,-0.0530548228252863,0.25,0,-Inf,-0.0530548228252863,"effect",Inf,"inconclusive_clean_evidence",FALSE,TRUE,0,TRUE,TRUE,TRUE,"ok","sidecar_v4.0","rigor_selected_v1","7011227781d12d21","4.0.0","20260516T154305_irwin2020_caffeine_attention_speed",0.41,0.355011806988554,0.0956214622879261,0,0.673058760700146,0.344009339499451,0.329049421200695,-48.8886617950568,FALSE,FALSE,TRUE,TRUE,"inconclusive","strong_positive","moderate_positive","moderate_negative","Effect",Inf,6,0.166666666666667,TRUE
"nutrition_v4","nutrition_domain","caffeine","caffeine","irwin2020","irwin2020",2020,"executive_function_excl","irwin2020_caffeine_executive_function_excl","nutrition_v4__caffeine__irwin2020__executive_function__excl","exclusion_sensitivity","irwin2020_caffeine_executive_function","unspecified__see_data_dictionary",37,TRUE,0.288546498828819,0.11691049231487,0.463965194826029,0.0970553270688047,-0.0761540873902104,0.394119040092136,0.331185223980977,0.0575462134919088,0.566563060640778,0.28784301729649,0,0.56274449659714,0.5,0.476433333333333,-0.0409698500268024,0.5,0.8664,0.811911985477737,0.5,0.7595,0.499412697488955,0.5,0.2405,-0.499412697488955,0.25,0.229466666666667,-0.0489505694191603,0.25,0.0110333333333333,-1.47535366007961,0.25,0.246966666666667,-0.00705460606944773,0.25,0.512533333333333,0.498898446654376,0.25,0.229466666666667,-0.0489505694191603,0.25,0.0110333333333333,-1.47535366007961,-0.0489505694191603,"effect",1.42640309066045,"inconclusive_clean_evidence",FALSE,TRUE,0,TRUE,TRUE,TRUE,"ok","sidecar_v4.0","rigor_selected_v1","7011227781d12d21","4.0.0","20260516T154339_irwin2020_caffeine_executive_function_excl",0.19,0.148763517352397,0.301162011725517,7.41779751908231,0.288546498828819,0.0970553270688047,0.191491171760014,-66.364060051762,TRUE,FALSE,TRUE,TRUE,"inconclusive","moderate_positive","inconclusive","inconclusive","Effect",1.42640309066045,6,0.166666666666667,TRUE
"nutrition_v4","nutrition_domain","caffeine","caffeine","irwin2020","irwin2020",2020,"processing_accuracy","irwin2020_caffeine_processing_accuracy","nutrition_v4__caffeine__irwin2020__processing_accuracy__main","main",NA,NA,34,FALSE,0.421135796043753,0.299415298173901,0.549977220163954,-0.0102321240559975,-0.47360971333731,0.398299716585424,0.21218452477029,0.0662032205689905,0.358984999415283,0.0719439309454774,0,0.279519133693721,0.5,0.3454,-0.277653667740546,0.5,0.489366666666667,-0.0184747775023251,0.5,0.969733333333333,1.50568773037831,0.5,0.0302666666666667,-1.50568773037831,0.25,0.0302666666666667,-1.02856647565865,0.25,0,-Inf,0.25,0.315133333333333,0.140009568908434,0.25,0.6546,0.754774922460208,0.25,0.0302666666666667,-1.02856647565865,0.25,0,-Inf,-1.02856647565865,"effect",Inf,"clean_evidence_disfavored",FALSE,TRUE,0,TRUE,TRUE,TRUE,"ok","sidecar_v4.0","rigor_selected_v1","7011227781d12d21","4.0.0","20260516T154416_irwin2020_caffeine_processing_accuracy",0.35,0.0662829149347893,0.741412844286059,0,0.421135796043753,0.0102321240559975,0.410903671987756,-102.429649569597,TRUE,TRUE,TRUE,TRUE,"inconclusive","inconclusive","strong_positive","strong_negative","Effect",Inf,6,0.166666666666667,TRUE
"nutrition_v4","nutrition_domain","caffeine","caffeine","irwin2020","irwin2020",2020,"processing_speed_collapsed","irwin2020_caffeine_processing_speed_collapsed","nutrition_v4__caffeine__irwin2020__processing_speed_collapsed__main","main",NA,NA,11,FALSE,1.21321787636714,0.70536644522082,1.69672868692088,0.598794670032351,0,1.22812925668548,0.771372355810564,0.457728914395213,1.17697024090151,0.734944484011188,0.46776299630386,1.07867698959054,0.5,0.8571,0.777999266311435,0.5,1,Inf,0.5,0.995033333333333,2.30177261603829,0.5,0.00496666666666667,-2.30177261603829,0.25,0.00496666666666667,-1.82465136131863,0.25,0,-Inf,0.25,0.852133333333333,1.23775852611906,0.25,0.1429,-0.300878011591773,0.25,0.00496666666666667,-1.82465136131863,0.25,0,-Inf,-1.82465136131863,"effect",Inf,"clean_evidence_disfavored",FALSE,TRUE,0,TRUE,TRUE,TRUE,"ok","sidecar_v4.0","rigor_selected_v1","7011227781d12d21","4.0.0","20260516T154446_irwin2020_caffeine_processing_speed_collapsed",0.73,0.554925530378686,0.0422128210391927,0,1.21321787636714,0.598794670032351,0.614423206334789,-50.6440943793722,TRUE,FALSE,TRUE,TRUE,"moderate_positive","strong_positive","strong_positive","strong_negative","Effect",Inf,6,0.166666666666667,TRUE
"nutrition_v4","nutrition_domain","caffeine","caffeine","irwin2020","irwin2020",2020,"processing_speed_excl","irwin2020_caffeine_processing_speed_excl","nutrition_v4__caffeine__irwin2020__processing_speed__excl","exclusion_sensitivity","irwin2020_caffeine_processing_speed","unspecified__see_data_dictionary",19,TRUE,1.53278565149537,1.00065774867929,2.04185358274696,0.0133769414389691,-0.759702206959355,0.627899433961927,1.16084898564765,0.88374201061475,1.48296419135312,0.772677358459026,0.501145637083036,1.0932970341811,0.5,0.358766666666667,-0.252204004711406,0.5,1,Inf,0.5,1,Inf,0.5,0,-Inf,0.25,0,-Inf,0.25,0,-Inf,0.25,0.358766666666667,0.224917250008257,0.25,0.641233333333333,0.729325259431068,0.25,0,-Inf,0.25,0,-Inf,-Inf,"effect",NA,"clean_evidence_disfavored",FALSE,TRUE,0,TRUE,TRUE,TRUE,"ok","sidecar_v4.0","rigor_selected_v1","7011227781d12d21","4.0.0","20260516T154513_irwin2020_caffeine_processing_speed_excl",0.79,0.405697454578203,0.0770995268352303,0,1.53278565149537,0.0133769414389691,1.5194087100564,-99.1272790539291,TRUE,FALSE,TRUE,TRUE,"inconclusive","strong_positive","strong_positive","strong_negative","Effect",0,6,0.166666666666667,TRUE
"nutrition_v4","nutrition_domain","caffeine","caffeine","polito2016","polito2016",2016,"muscle_endurance","polito2016_caffeine_muscle_endurance","nutrition_v4__caffeine__polito2016__muscle_endurance__main","main",NA,NA,42,FALSE,0.382951373214334,0.288011263464329,0.482689652386641,-0.0018919991749083,-0.391508465568052,0.269136107925213,0.135029290152558,0.00879692437560597,0.282153227973611,0.281281686911461,0,0.520785335692114,0.5,0.2736,-0.42405974246495,0.5,0.870366666666667,0.826985561619394,0.5,0.9974,2.58389601591152,0.5,0.0026,-2.58389601591152,0.25,0.0026,-2.10677476119186,0.25,0,-Inf,0.25,0.271,0.0473630172760936,0.25,0.7264,0.901180997184613,0.25,0.0026,-2.10677476119186,0.25,0,-Inf,-2.10677476119186,"effect",Inf,"clean_evidence_disfavored",FALSE,TRUE,0,TRUE,TRUE,TRUE,"ok","sidecar_v4.0","rigor_selected_v1","7011227781d12d21","4.0.0","20260516T154539_polito2016_caffeine_muscle_endurance",0.36,0.19786467693821,0.213366272590217,70.2328368053947,0.382951373214334,0.0018919991749083,0.381059374039426,-100.494057289579,TRUE,TRUE,TRUE,TRUE,"inconclusive","moderate_positive","strong_positive","strong_negative","Effect",Inf,1,1,TRUE
"nutrition_v4","nutrition_domain","caffeine","caffeine","rayagonzalez2019","rayagonzalez2019",2019,"movement_velocity","rayagonzalez2019_caffeine_movement_velocity","nutrition_v4__caffeine__rayagonzalez2019__movement_velocity__main","main",NA,NA,10,FALSE,0.606214782421251,0.354295578751799,0.860030308214162,0.148247935998166,-0.494883382921364,0.743165721827338,0.153831440937381,0.00606677481965142,0.438993693223671,0.0454732246874589,0,0.323787409041331,0.5,0.5126,0.0218930769995198,0.5,0.321,-0.32536474187563,0.5,0.826,0.676430799037782,0.5,0.174,-0.676430799037782,0.25,0.173966666666667,-0.199410276119447,0.25,3.33333333333333e-05,-3.99998552327599,0.25,0.338633333333333,0.186408657934577,0.25,0.487366666666667,0.455170234895781,0.25,0.173966666666667,-0.199410276119447,0.25,3.33333333333333e-05,-3.99998552327599,-0.199410276119447,"effect",3.80057524715654,"inconclusive_clean_evidence",FALSE,TRUE,0,TRUE,TRUE,TRUE,"ok","sidecar_v4.0","rigor_selected_v1","7011227781d12d21","4.0.0","20260516T154622_rayagonzalez2019_caffeine_movement_velocity",0.4,0.0681857852890556,0.719253904853213,0,0.606214782421251,0.148247935998166,0.457966846423085,-75.5453116128154,TRUE,FALSE,TRUE,TRUE,"inconclusive","inconclusive","moderate_positive","moderate_negative","Effect",3.80057524715654,1,1,TRUE
"nutrition_v4","nutrition_domain","caffeine","caffeine","shen2019","shen2019",2019,"time_trial_endurance","shen2019_caffeine_time_trial_endurance","nutrition_v4__caffeine__shen2019__time_trial_endurance__main","main",NA,NA,56,FALSE,0.33321560056336,0.215940412844334,0.451305702673071,0.0101118378482276,-0.0279086252540039,0.162433429762312,0.0625274737380355,0.00257465236083626,0.175781022471963,0.0246758469024379,0,0.197720214630251,0.5,0.1514,-0.748577152266543,0.5,0.255433333333333,-0.464626018651081,0.5,0.999266666666667,3.13437997444329,0.5,0.000733333333333333,-3.13437997444329,0.25,0.000733333333333333,-2.65725871972365,0.25,0,-Inf,0.25,0.150666666666667,-0.273939734132268,0.25,0.8486,1.22569840698621,0.25,0.000733333333333333,-2.65725871972365,0.25,0,-Inf,-2.65725871972365,"effect",Inf,"clean_evidence_disfavored",FALSE,TRUE,0,TRUE,TRUE,TRUE,"ok","sidecar_v4.0","rigor_selected_v1","7011227781d12d21","4.0.0","20260515T182942_shen2019_caffeine_time_trial_endurance",NA,NA,NA,NA,0.33321560056336,0.0101118378482276,0.323103762715132,-96.9653768217539,TRUE,FALSE,TRUE,TRUE,"moderate_negative","inconclusive","strong_positive","strong_negative","Effect",Inf,1,1,FALSE
"nutrition_v4","nutrition_domain","caffeine","caffeine","southward2018","southward2018",2018,"power_output","southward2018_caffeine_power_output","nutrition_v4__caffeine__southward2018__power_output__main","main",NA,NA,31,FALSE,0.236971010205701,0.0845592888831708,0.391377788822076,0.00283509645069391,-0.15674700652673,0.206921370057627,0.0803202117731308,0.00331055484270953,0.229887462722604,0.0218024991567329,0,0.187318488550597,0.5,0.1841,-0.646583144625427,0.5,0.2357,-0.51090427706065,0.5,0.9658,1.45086109500819,0.5,0.0342,-1.45086109500819,0.25,0.0316666666666667,-1.00830127671784,0.25,0.00253333333333333,-2.11808479907086,0.25,0.152433333333333,-0.267972666941942,0.25,0.813366666666667,1.11641841215286,0.25,0.0316666666666667,-1.00830127671784,0.25,0.00253333333333333,-2.11808479907086,-1.00830127671784,"effect",1.10978352235302,"clean_evidence_disfavored",FALSE,TRUE,0,TRUE,TRUE,TRUE,"ok","sidecar_v4.0","rigor_selected_v1","7011227781d12d21","4.0.0","20260516T154649_southward2018_caffeine_power_output",0.03,0.0500000000000001,1,34.0789743396961,0.236971010205701,0.00283509645069391,0.234135913755007,-98.8036104297176,TRUE,FALSE,TRUE,TRUE,"moderate_negative","moderate_negative","strong_positive","strong_negative","Effect",1.10978352235302,2,0.5,TRUE
"nutrition_v4","nutrition_domain","caffeine","caffeine","southward2018","southward2018",2018,"trial_time_excl","southward2018_caffeine_trial_time_excl","nutrition_v4__caffeine__southward2018__trial_time__excl","exclusion_sensitivity","southward2018_caffeine_trial_time","unspecified__see_data_dictionary",46,TRUE,0.335605294035908,0.213663016310895,0.458413956534609,0.00703329489504557,-0.0618006335779963,0.159452908664887,0.0705101439443254,0.00299434926449297,0.198444392904449,0.0432031327990999,0,0.271065027679949,0.5,0.157933333333333,-0.726872674416084,0.5,0.333333333333333,-0.301029995663981,0.5,0.999166666666667,3.07881918309884,0.5,0.000833333333333333,-3.07881918309884,0.25,0.000833333333333333,-2.60169792837919,0.25,0,-Inf,0.25,0.1571,-0.25247861407711,0.25,0.842066666666667,1.20399392913575,0.25,0.000833333333333333,-2.60169792837919,0.25,0,-Inf,-2.60169792837919,"effect",Inf,"clean_evidence_disfavored",FALSE,TRUE,0,TRUE,TRUE,TRUE,"ok","sidecar_v4.0","rigor_selected_v1","7011227781d12d21","4.0.0","20260515T183002_southward2018_caffeine_trial_time_excl",0.11,0.0500000000000001,0.999999999999999,78.549614618242,0.335605294035908,0.00703329489504557,0.328571999140862,-97.9042956055714,TRUE,FALSE,TRUE,TRUE,"moderate_negative","inconclusive","strong_positive","strong_negative","Effect",Inf,2,0.5,TRUE
"nutrition_v4","nutrition_domain","caffeine","caffeine","wang2022","wang2022",2022,"exhaustion_time","wang2022_caffeine_exhaustion_time","nutrition_v4__caffeine__wang2022__exhaustion_time__main","main",NA,NA,12,FALSE,0.388735920954155,0.187460403127457,0.589415484356312,0.102818902315103,-0.384855906916738,0.501984703381831,0.144532428971845,0.00605092545934866,0.395622914706137,0.0455362783920908,0,0.298493460126743,0.5,0.518266666666667,0.0317465790632442,0.5,0.333733333333333,-0.300248499834364,0.5,0.800066666666667,0.60224096998704,0.5,0.199933333333333,-0.60224096998704,0.25,0.1991,-0.127385778915982,0.25,0.000833333333333333,-2.60169792837919,0.25,0.319166666666667,0.14809797215587,0.25,0.4809,0.443925002914621,0.25,0.1991,-0.127385778915982,0.25,0.000833333333333333,-2.60169792837919,-0.127385778915982,"effect",2.4743121494632,"inconclusive_clean_evidence",FALSE,TRUE,0,TRUE,TRUE,TRUE,"ok","sidecar_v4.0","rigor_selected_v1","7011227781d12d21","4.0.0","20260515T183037_wang2022_caffeine_exhaustion_time",0.25,0.0783329719814399,0.619264033856413,0,0.388735920954155,0.102818902315103,0.285917018639052,-73.5504498625357,TRUE,FALSE,TRUE,TRUE,"inconclusive","inconclusive","moderate_positive","moderate_negative","Effect",2.47431214946321,2,0.5,TRUE
"nutrition_v4","nutrition_domain","caffeine","caffeine","wang2022","wang2022",2022,"trial_time","wang2022_caffeine_trial_time","nutrition_v4__caffeine__wang2022__trial_time__main","main",NA,NA,22,FALSE,0.101470098089913,0.00750852857319996,0.195328061026972,0.00927327672895126,-0.0209769975142402,0.130171637400691,0.0502468048482926,0.00196827788127896,0.147281778012142,0.00801985151280591,0,0.0904757260357015,0.5,0.1599,-0.720482520962444,0.5,0.156,-0.733217848271194,0.5,0.7977,0.595843709280425,0.5,0.2023,-0.595843709280425,0.25,0.0845666666666667,-0.557306254960836,0.25,0.117733333333333,-0.397579176346364,0.25,0.0753333333333333,-0.611876762870203,0.25,0.722366666666667,0.892407344769696,0.25,0.0845666666666667,-0.557306254960836,0.25,0.117733333333333,-0.397579176346364,-0.397579176346364,"no_effect",0.159727078614472,"inconclusive_clean_evidence",FALSE,TRUE,0,TRUE,TRUE,TRUE,"ok","sidecar_v4.0","rigor_selected_v1","7011227781d12d21","4.0.0","20260515T183038_wang2022_caffeine_trial_time",0,0.0500000000000001,1,15.7645190288357,0.101470098089913,0.00927327672895126,0.0921968213609617,-90.8610744411283,TRUE,FALSE,TRUE,FALSE,"moderate_negative","moderate_negative","moderate_positive","moderate_negative","No effect",0.159727078614472,2,0.5,TRUE
"nutrition_v4","nutrition_domain","creatine","creatine","chilibeck2017","chilibeck2017",2017,"chest_press_strength","chilibeck2017_creatine_chest_press_strength","nutrition_v4__creatine__chilibeck2017__chest_press_strength__main","main",NA,NA,21,FALSE,0.330807412755254,0.142777997560058,0.519493846792429,0.0105616856182478,-0.218036104396546,0.315558364828387,0.121959221274328,0.00516384632370946,0.338973286891901,0.0596421239604611,0,0.351887594920766,0.5,0.2343,-0.514286358496976,0.5,0.374633333333333,-0.222528312236697,0.5,0.9674,1.4723884829845,0.5,0.0326,-1.4723884829845,0.25,0.0320333333333333,-1.00313701433821,0.25,0.000566666666666667,-2.76930490866057,0.25,0.202266666666667,-0.118812167335654,0.25,0.765133333333333,0.990036993179403,0.25,0.0320333333333333,-1.00313701433821,0.25,0.000566666666666667,-2.76930490866057,-1.00313701433821,"effect",1.76616789432236,"clean_evidence_disfavored",FALSE,TRUE,0,TRUE,TRUE,TRUE,"ok","sidecar_v4.0","rigor_selected_v1","7011227781d12d21","4.0.0","20260515T183059_chilibeck2017_creatine_chest_press_strength",0.14,0.0501062535103498,0.997767827574001,39.6490035884043,0.330807412755254,0.0105616856182478,0.320245727137006,-96.8073008007043,TRUE,FALSE,TRUE,TRUE,"moderate_negative","inconclusive","strong_positive","strong_negative","Effect",1.76616789432236,3,0.333333333333333,TRUE
"nutrition_v4","nutrition_domain","creatine","creatine","chilibeck2017","chilibeck2017",2017,"lean_tissue_mass","chilibeck2017_creatine_lean_tissue_mass","nutrition_v4__creatine__chilibeck2017__lean_tissue_mass__main","main",NA,NA,21,FALSE,0.476300082628476,0.259946176432816,0.695614218146819,0.0107704193121089,-0.533216019726527,0.495252085575607,0.292774428030011,0.0381381396449115,0.547676220992739,0.472743787537957,0,0.780986385873582,0.5,0.350233333333333,-0.268399950532889,0.5,0.970933333333333,1.52379418099332,0.5,0.952966666666667,1.30667195090489,0.5,0.0470333333333333,-1.30667195090489,0.25,0.0468333333333333,-0.83149252192193,0.25,2e-04,-3.22176188203293,0.25,0.3034,0.116153361048157,0.25,0.649566666666667,0.745139575461001,0.25,0.0468333333333333,-0.83149252192193,0.25,2e-04,-3.22176188203293,-0.83149252192193,"effect",2.390269360111,"clean_evidence_disfavored",FALSE,TRUE,0,TRUE,TRUE,TRUE,"ok","sidecar_v4.0","rigor_selected_v1","7011227781d12d21","4.0.0","20260515T183110_chilibeck2017_creatine_lean_tissue_mass",0.19,0.226992459848473,0.179233300581093,24.2333641940167,0.476300082628476,0.0107704193121089,0.465529663316367,-97.7387324283733,TRUE,FALSE,TRUE,TRUE,"inconclusive","strong_positive","strong_positive","strong_negative","Effect",2.390269360111,3,0.333333333333333,TRUE
"nutrition_v4","nutrition_domain","creatine","creatine","chilibeck2017","chilibeck2017",2017,"leg_press_strength","chilibeck2017_creatine_leg_press_strength","nutrition_v4__creatine__chilibeck2017__leg_press_strength__main","main",NA,NA,20,FALSE,0.226736977510349,0.0225033248489116,0.431730541019935,0.0636993448953313,-0.0822465525823367,0.349394162730788,0.187444407039298,0.00939400970820657,0.447202043183556,0.0769449612655857,0,0.384835713130762,0.5,0.4034,-0.169947355149297,0.5,0.426033333333333,-0.129443091185357,0.5,0.691666666666667,0.350876368309079,0.5,0.308333333333333,-0.350876368309079,0.25,0.2115,-0.0943700712341981,0.25,0.0968333333333333,-0.492621763902398,0.25,0.1919,-0.147268877310722,0.25,0.499766666666667,0.476715913173795,0.25,0.2115,-0.0943700712341981,0.25,0.0968333333333333,-0.492621763902398,-0.0943700712341981,"effect",0.3982516926682,"inconclusive_clean_evidence",FALSE,TRUE,0,TRUE,TRUE,TRUE,"ok","sidecar_v4.0","rigor_selected_v1","7011227781d12d21","4.0.0","20260515T183116_chilibeck2017_creatine_leg_press_strength",0.2,0.0585529816230802,0.846239452622702,0,0.226736977510349,0.0636993448953313,0.163037632615018,-71.9060624364088,TRUE,FALSE,TRUE,TRUE,"inconclusive","inconclusive","inconclusive","inconclusive","Effect",0.3982516926682,3,0.333333333333333,TRUE
"nutrition_v4","nutrition_domain","creatine","creatine","desai2024","desai2024",2024,"body_fat_mass","desai2024_creatine_body_fat_mass","nutrition_v4__creatine__desai2024__body_fat_mass__main","main",NA,NA,7,FALSE,0.632856842924802,0.0600121007348462,1.17015849773086,0.288649220028433,-0.358958914552085,1.05689528319476,0.647763020010317,0.312511692018207,1.03557263020586,0.663877304419531,0.314258143959804,1.05150305234313,0.5,0.619966666666667,0.212546648751657,0.5,0.9955,2.34482875058808,0.5,0.606766666666667,0.188371389671451,0.5,0.393233333333333,-0.188371389671451,0.25,0.3285,0.166610611610728,0.25,0.0647333333333333,-0.682686230594564,0.25,0.291466666666667,0.0913498622590877,0.25,0.3153,0.140344897600248,0.25,0.3285,0.166610611610728,0.25,0.0647333333333333,-0.682686230594564,0.166610611610728,"effect",0.849296842205291,"inconclusive_clean_evidence",FALSE,TRUE,0,TRUE,TRUE,TRUE,"ok","sidecar_v4.0","rigor_selected_v1","7011227781d12d21","4.0.0","20260515T183136_desai2024_creatine_body_fat_mass",0.43,0.346981716754287,0.099052433240453,0,0.632856842924802,0.288649220028433,0.344207622896369,-54.3894921489012,TRUE,FALSE,TRUE,TRUE,"inconclusive","strong_positive","inconclusive","inconclusive","Effect",0.849296842205292,3,0.333333333333333,TRUE
"nutrition_v4","nutrition_domain","creatine","creatine","desai2024","desai2024",2024,"body_fat_percentage","desai2024_creatine_body_fat_percentage","nutrition_v4__creatine__desai2024__body_fat_percentage__main","main",NA,NA,9,FALSE,0.877754931914515,0.109940715415921,1.61069779315828,0.257909855766173,-0.850758358950722,1.38352541747145,1.27191393442212,0.967864658559308,1.63238321005049,1.24974894638418,0.940306788609367,1.60938583756794,0.5,0.595133333333333,0.167302253651298,0.5,1,Inf,0.5,0.749766666666667,0.476580967384094,0.5,0.250233333333333,-0.476580967384094,0.25,0.2214,-0.0690155281197766,0.25,0.0288333333333333,-1.05027766024169,0.25,0.373733333333333,0.2529237922967,0.25,0.376033333333333,0.257186209653461,0.25,0.2214,-0.0690155281197766,0.25,0.0288333333333333,-1.05027766024169,-0.0690155281197766,"effect",0.981262132121915,"inconclusive_clean_evidence",FALSE,TRUE,0,TRUE,TRUE,TRUE,"ok","sidecar_v4.0","rigor_selected_v1","7011227781d12d21","4.0.0","20260515T183149_desai2024_creatine_body_fat_percentage",0.44,0.573298519230271,0.0391732612646679,0,0.877754931914515,0.257909855766173,0.619845076148342,-70.6170997861974,TRUE,FALSE,TRUE,TRUE,"inconclusive","strong_positive","inconclusive","inconclusive","Effect",0.981262132121913,3,0.333333333333333,TRUE
"nutrition_v4","nutrition_domain","creatine","creatine","desai2024","desai2024",2024,"lean_body_mass","desai2024_creatine_lean_body_mass","nutrition_v4__creatine__desai2024__lean_body_mass__main","main",NA,NA,12,FALSE,0.803960240629376,0.531801880004471,1.06658932607032,0.504920979814267,-0.103704909752589,0.999751394003806,0.192439567553827,0.00857310304595243,0.509951502460365,0.0974826127998645,0,0.480141368090729,0.5,0.781733333333333,0.554071214772856,0.5,0.465366666666667,-0.0602607602954236,0.5,0.6335,0.237672640242313,0.5,0.3665,-0.237672640242313,0.25,0.366466666666667,0.239386262420696,0.25,3.33333333333333e-05,-3.99998552327599,0.25,0.415266666666667,0.328490474585397,0.25,0.218233333333333,-0.0770348079174483,0.25,0.366466666666667,0.239386262420696,0.25,3.33333333333333e-05,-3.99998552327599,0.239386262420696,"effect",4.23937178569669,"inconclusive_clean_evidence",FALSE,TRUE,0,TRUE,TRUE,TRUE,"ok","sidecar_v4.0","rigor_selected_v1","7011227781d12d21","4.0.0","20260515T183151_desai2024_creatine_lean_body_mass",0.5,0.352756035637731,0.0965694944919923,0,0.803960240629376,0.504920979814267,0.299039260815109,-37.1957773161777,FALSE,FALSE,TRUE,TRUE,"moderate_positive","inconclusive","inconclusive","inconclusive","Effect",4.23937178569669,3,0.333333333333333,TRUE
"nutrition_v4","nutrition_domain","creatine","creatine","devries2014","devries2014",2014,"fat_free_mass","devries2014_creatine_fat_free_mass","nutrition_v4__creatine__devries2014__fat_free_mass__main","main",NA,NA,9,FALSE,1.18030908318137,0.425708879946053,1.89320489909351,0.68014072377181,-0.152493450596189,1.72940523405371,1.20133468111115,0.907533284001037,1.5565156636026,1.24761416016957,0.931482644803294,1.62225535614231,0.5,0.763533333333333,0.509058072246942,0.5,1,Inf,0.5,0.721133333333333,0.412618965127013,0.5,0.278866666666667,-0.412618965127013,0.25,0.273366666666667,0.052551495233457,0.25,0.0055,-1.78012084324655,0.25,0.490166666666667,0.460036802242053,0.25,0.230966666666667,-0.0452746031351064,0.25,0.273366666666667,0.052551495233457,0.25,0.0055,-1.78012084324655,0.052551495233457,"effect",1.83267233848,"inconclusive_clean_evidence",FALSE,TRUE,0,TRUE,TRUE,TRUE,"ok","sidecar_v4.0","rigor_selected_v1","7011227781d12d21","4.0.0","20260515T183205_devries2014_creatine_fat_free_mass",0.67,0.611403753450033,0.0334516003770443,0,1.18030908318137,0.68014072377181,0.50016835940956,-42.3760493362824,FALSE,FALSE,TRUE,TRUE,"moderate_positive","strong_positive","inconclusive","inconclusive","Effect",1.83267233848001,2,0.5,TRUE
"nutrition_v4","nutrition_domain","creatine","creatine","devries2014","devries2014",2014,"total_body_mass","devries2014_creatine_total_body_mass","nutrition_v4__creatine__devries2014__total_body_mass__main","main",NA,NA,9,FALSE,0.637901464514499,0.23541101643769,1.01366068775969,0.465066623416459,0,0.964222671560987,0.404188278668438,0.0563320268855946,0.772468431158789,0.389938628811107,0,0.812727591369384,0.5,0.811333333333333,0.633504142705775,0.5,0.886566666666667,0.892970704192321,0.5,0.4556,-0.0773344011242343,0.5,0.5444,0.0773344011242343,0.25,0.5265,0.523199646901875,0.25,0.0179,-1.26218142534306,0.25,0.284833333333333,0.0773048029077274,0.25,0.170766666666667,-0.209152395567389,0.25,0.5265,0.523199646901875,0.25,0.0179,-1.26218142534306,0.523199646901875,"effect",1.78538107224494,"clean_effect_supported",FALSE,TRUE,0,TRUE,TRUE,TRUE,"ok","sidecar_v4.0","rigor_selected_v1","7011227781d12d21","4.0.0","20260515T183217_devries2014_creatine_total_body_mass",0.44,0.345219219012894,0.0998268487204961,0,0.637901464514499,0.465066623416459,0.17283484109804,-27.0942850444125,FALSE,FALSE,TRUE,TRUE,"moderate_positive","moderate_positive","inconclusive","inconclusive","Effect",1.78538107224494,2,0.5,TRUE
"nutrition_v4","nutrition_domain","creatine","creatine","doma2022","doma2022",2022,"24h_post_protocol","doma2022_creatine_24h_post_protocol","nutrition_v4__creatine__doma2022__24h_post_protocol__main","main",NA,NA,15,FALSE,0.0658290986231226,-0.373323060088544,0.50325631783386,-0.00238694599744544,-0.357855532276452,0.315644157869814,0.752919816893739,0.464381772161439,1.09592756225287,0.714676550940003,0.399797545339202,1.05470440230591,0.5,0.249566666666667,-0.478125538222242,0.5,0.999066666666667,3.02955769258384,0.5,0.3649,-0.240668249374426,0.5,0.6351,0.240668249374426,0.25,0.1533,-0.265066150197617,0.25,0.4818,0.445490641732181,0.25,0.0962666666666667,-0.495443112212058,0.25,0.268633333333333,0.0421459930605579,0.25,0.1533,-0.265066150197617,0.25,0.4818,0.445490641732181,0.445490641732181,"no_effect",0.710556791929798,"inconclusive_clean_evidence",FALSE,TRUE,0,TRUE,TRUE,TRUE,"ok","sidecar_v4.0","rigor_selected_v1","7011227781d12d21","4.0.0","20260515T183221_doma2022_creatine_24h_post_protocol",0.4,0.282297824192557,0.133808325082953,0,0.0658290986231226,0.00238694599744544,0.0634421526256772,-103.625973995347,TRUE,TRUE,TRUE,FALSE,"inconclusive","strong_positive","inconclusive","inconclusive","No effect",0.710556791929798,1,1,TRUE
"nutrition_v4","nutrition_domain","creatine","creatine","fernandezlanda2023","fernandezlanda2023",2023,"endurance_performance","fernandezlanda2023_creatine_endurance_performance","nutrition_v4__creatine__fernandezlanda2023__endurance_performance__main","main",NA,NA,13,FALSE,0.0694910808166396,-0.154764939573785,0.290061165225716,0.00647564586597305,-0.0626813390537471,0.158108143786037,0.160460226693654,0.00624616217072464,0.465979919126643,0.0474848280396377,0,0.335257526796174,0.5,0.153233333333333,-0.742410504464504,0.5,0.324766666666667,-0.317882425546632,0.5,0.367033333333333,-0.236675331856339,0.5,0.632966666666667,0.236675331856339,0.25,0.0996666666666667,-0.478732141143359,0.25,0.5333,0.535055037517383,0.25,0.0535666666666667,-0.770074150955216,0.25,0.313466666666667,0.136650992017367,0.25,0.0996666666666667,-0.478732141143359,0.25,0.5333,0.535055037517383,0.535055037517383,"no_effect",1.01378717866074,"clean_no_effect_supported",FALSE,TRUE,0,TRUE,TRUE,TRUE,"ok","sidecar_v4.0","rigor_selected_v1","7011227781d12d21","4.0.0","20260515T183236_fernandezlanda2023_creatine_endurance_performance",0.15,0.0500000000000001,1,0,0.0694910808166396,0.00647564586597305,0.0630154349506666,-90.681328035378,TRUE,FALSE,TRUE,FALSE,"moderate_negative","inconclusive","inconclusive","inconclusive","No effect",1.01378717866074,1,1,TRUE
"nutrition_v4","nutrition_domain","creatine","creatine","kazeminasab2025","kazeminasab2025",2025,"leg_press_strength","kazeminasab2025_creatine_leg_press_strength","nutrition_v4__creatine__kazeminasab2025__leg_press_strength__main","main",NA,NA,31,FALSE,0.186206547778692,0.0280684828022717,0.34349394337057,0.0402330598379244,-0.122982645469548,0.282390446654701,0.121143041936812,0.00504087322622642,0.322391272772246,0.0400076617895108,0,0.263707200401833,0.5,0.345966666666667,-0.276565625823088,0.5,0.321733333333333,-0.323904415722569,0.5,0.6874,0.342220554118038,0.5,0.3126,-0.342220554118038,0.25,0.2095,-0.0995965922462513,0.25,0.1031,-0.462364104011719,0.25,0.136466666666667,-0.324131268143664,0.25,0.550933333333333,0.565909484739633,0.25,0.2095,-0.0995965922462513,0.25,0.1031,-0.462364104011719,-0.0995965922462513,"effect",0.362767511765468,"inconclusive_clean_evidence",FALSE,TRUE,0,TRUE,TRUE,TRUE,"ok","sidecar_v4.0","rigor_selected_v1","7011227781d12d21","4.0.0","20260515T183249_kazeminasab2025_creatine_leg_press_strength",0.06,0.0509737235668397,0.979892146763476,0,0.186206547778692,0.0402330598379244,0.145973487940768,-78.3933162835167,TRUE,FALSE,TRUE,FALSE,"inconclusive","inconclusive","inconclusive","inconclusive","Effect",0.362767511765468,4,0.25,TRUE
"nutrition_v4","nutrition_domain","creatine","creatine","kazeminasab2025","kazeminasab2025",2025,"squat_strength","kazeminasab2025_creatine_squat_strength","nutrition_v4__creatine__kazeminasab2025__squat_strength__main","main",NA,NA,25,FALSE,0.439527437029243,0.19791691306447,0.70277576663373,-0.0188206453080581,-0.42474490891482,0.304967491216398,0.434975233600059,0.172842862160806,0.709850000562784,0.192880483037228,0,0.683590793753039,0.5,0.257866666666667,-0.459086732251041,0.5,0.602266666666667,0.180196837199331,0.5,0.979933333333333,1.68872129430709,0.5,0.0200666666666667,-1.68872129430709,0.25,0.0198333333333333,-1.21678296328984,0.25,0.000233333333333333,-3.15480061278233,0.25,0.238033333333333,-0.0281769398404579,0.25,0.7419,0.935678621256753,0.25,0.0198333333333333,-1.21678296328984,0.25,0.000233333333333333,-3.15480061278233,-1.21678296328984,"effect",1.93801764949249,"clean_evidence_disfavored",FALSE,TRUE,0,TRUE,TRUE,TRUE,"ok","sidecar_v4.0","rigor_selected_v1","7011227781d12d21","4.0.0","20260515T183253_kazeminasab2025_creatine_squat_strength",0.12,0.07538635056861,0.645526377351429,0,0.439527437029243,0.0188206453080581,0.420706791721185,-104.282018304765,TRUE,TRUE,TRUE,TRUE,"inconclusive","inconclusive","strong_positive","strong_negative","Effect",1.93801764949249,4,0.25,TRUE
"nutrition_v4","nutrition_domain","creatine","creatine","kazeminasab2025","kazeminasab2025",2025,"vertical_jump","kazeminasab2025_creatine_vertical_jump","nutrition_v4__creatine__kazeminasab2025__vertical_jump__main","main",NA,NA,35,FALSE,0.297068468582485,0.0308196481159053,0.563179362452103,0.0588471711361844,-0.44011572971703,0.479395146523996,0.669320535378005,0.46344058274584,0.907776310694241,0.683196062940308,0.471452603835659,0.923012661601309,0.5,0.4447,-0.0964605440236319,0.5,1,Inf,0.5,0.6273,0.226115894783495,0.5,0.3727,-0.226115894783495,0.25,0.259566666666667,0.0218842128096778,0.25,0.113133333333333,-0.417146494044489,0.25,0.185133333333333,-0.166480677291236,0.25,0.442166666666667,0.376202792344214,0.25,0.259566666666667,0.0218842128096778,0.25,0.113133333333333,-0.417146494044489,0.0218842128096778,"effect",0.439030706854167,"inconclusive_clean_evidence",FALSE,TRUE,0,TRUE,TRUE,TRUE,"ok","sidecar_v4.0","rigor_selected_v1","7011227781d12d21","4.0.0","20260515T183309_kazeminasab2025_creatine_vertical_jump",0.11,0.295410031819951,0.125532915475391,0,0.297068468582485,0.0588471711361844,0.238221297446301,-80.1907043797061,TRUE,FALSE,TRUE,TRUE,"inconclusive","strong_positive","inconclusive","inconclusive","Effect",0.439030706854167,4,0.25,TRUE
"nutrition_v4","nutrition_domain","creatine","creatine","kazeminasab2025","kazeminasab2025",2025,"wingate_peak_power","kazeminasab2025_creatine_wingate_peak_power","nutrition_v4__creatine__kazeminasab2025__wingate_peak_power__main","main",NA,NA,21,FALSE,0.431836154034319,0.172247670318817,0.694799614932078,0.167862532492239,-0.239498011207559,0.574053129976147,0.289076234761669,0.0176546742745991,0.632651404177413,0.129761258371965,0,0.552360063436863,0.5,0.6261,0.223888238630897,0.5,0.5136,0.0236314487961184,0.5,0.811766666666667,0.634734681024966,0.5,0.188233333333333,-0.634734681024966,0.25,0.183633333333333,-0.170812491213248,0.25,0.0046,-1.85811855000677,0.25,0.442466666666667,0.376730975576915,0.25,0.3693,0.244677731377321,0.25,0.183633333333333,-0.170812491213248,0.25,0.0046,-1.85811855000677,-0.170812491213248,"effect",1.68730605879352,"inconclusive_clean_evidence",FALSE,TRUE,0,TRUE,TRUE,TRUE,"ok","sidecar_v4.0","rigor_selected_v1","7011227781d12d21","4.0.0","20260515T183326_kazeminasab2025_creatine_wingate_peak_power",0.33,0.0864399066282198,0.556248985164469,0,0.431836154034319,0.167862532492239,0.26397362154208,-61.1281892625186,TRUE,FALSE,TRUE,TRUE,"inconclusive","inconclusive","moderate_positive","moderate_negative","Effect",1.68730605879352,4,0.25,TRUE
"nutrition_v4","nutrition_domain","creatine","creatine","lanhers2015","lanhers2015",2015,"leg_press_strength","lanhers2015_creatine_leg_press_strength","nutrition_v4__creatine__lanhers2015__leg_press_strength__main","main",NA,NA,16,FALSE,0.292506481166061,0.0808142706185832,0.502818872355313,0.0985333004654895,-0.0947411257788264,0.43256101990259,0.116120581100961,0.00470871771445244,0.334973602958246,0.0390733835637279,0,0.276833247088182,0.5,0.4592,-0.0710348035436623,0.5,0.310766666666667,-0.345931843529978,0.5,0.6889,0.345256173643444,0.5,0.3111,-0.345256173643444,0.25,0.273533333333333,0.0529158207894839,0.25,0.0375666666666667,-0.931446740089542,0.25,0.185666666666667,-0.164947017080045,0.25,0.503233333333333,0.48273820831599,0.25,0.273533333333333,0.0529158207894839,0.25,0.0375666666666667,-0.931446740089542,0.0529158207894839,"effect",0.984362560879026,"inconclusive_clean_evidence",FALSE,TRUE,0,TRUE,TRUE,TRUE,"ok","sidecar_v4.0","rigor_selected_v1","7011227781d12d21","4.0.0","20260515T183327_lanhers2015_creatine_leg_press_strength",0.06,0.0567413260608984,0.874938904690981,0,0.292506481166061,0.0985333004654895,0.193973180700571,-66.3141479557335,TRUE,FALSE,TRUE,TRUE,"inconclusive","inconclusive","inconclusive","inconclusive","Effect",0.984362560879026,2,0.5,TRUE
"nutrition_v4","nutrition_domain","creatine","creatine","lanhers2015","lanhers2015",2015,"squat_strength","lanhers2015_creatine_squat_strength","nutrition_v4__creatine__lanhers2015__squat_strength__main","main",NA,NA,11,FALSE,0.319732642016487,0.0176149388007934,0.619284417745806,0.0802577055285325,-0.256252442415636,0.512036119511481,0.145302210317434,0.00576797105773881,0.422612493320321,0.0543450968099906,0,0.354752321298425,0.5,0.4207,-0.138931016482061,0.5,0.352766666666667,-0.2635733344871,0.5,0.669833333333333,0.307233530653488,0.5,0.330166666666667,-0.307233530653488,0.25,0.2286,-0.0510821537510977,0.25,0.101566666666667,-0.469613402359063,0.25,0.1921,-0.146708988549817,0.25,0.477733333333333,0.438414491337907,0.25,0.2286,-0.0510821537510977,0.25,0.101566666666667,-0.469613402359063,-0.0510821537510977,"effect",0.418531248607965,"inconclusive_clean_evidence",FALSE,TRUE,0,TRUE,TRUE,TRUE,"ok","sidecar_v4.0","rigor_selected_v1","7011227781d12d21","4.0.0","20260515T183346_lanhers2015_creatine_squat_strength",0,0.0544597968024214,0.913798376241584,0,0.319732642016487,0.0802577055285325,0.239474936487954,-74.8984948729777,TRUE,FALSE,TRUE,TRUE,"inconclusive","inconclusive","inconclusive","inconclusive","Effect",0.418531248607965,2,0.5,TRUE
"nutrition_v4","nutrition_domain","creatine","creatine","lanhers2017","lanhers2017",2017,"chest_strength_excl","lanhers2017_creatine_chest_strength_excl","nutrition_v4__creatine__lanhers2017__chest_strength__excl","exclusion_sensitivity","lanhers2017_creatine_chest_strength","unspecified__see_data_dictionary",45,TRUE,0.247636715680778,0.112979350328137,0.384766823039488,0.0149268514896563,-0.085242649457284,0.252820588131695,0.139962084448033,0.00737045453723406,0.323564971868859,0.0575468989871321,0,0.297922823981284,0.5,0.188466666666667,-0.63407181352745,0.5,0.393433333333333,-0.188007387957711,0.5,0.950733333333333,1.28550554148672,0.5,0.0492666666666667,-1.28550554148672,0.25,0.0483333333333333,-0.817116855627229,0.25,0.000933333333333333,-2.55243643786418,0.25,0.140133333333333,-0.310768406189437,0.25,0.8106,1.10854787945808,0.25,0.0483333333333333,-0.817116855627229,0.25,0.000933333333333333,-2.55243643786418,-0.817116855627229,"effect",1.73531958223695,"clean_evidence_disfavored",FALSE,TRUE,0,TRUE,TRUE,TRUE,"ok","sidecar_v4.0","rigor_selected_v1","7011227781d12d21","4.0.0","20260515T183400_lanhers2017_creatine_chest_strength_excl",0.11,0.0500004491269973,0.999990544781096,55.9780665004305,0.247636715680778,0.0149268514896563,0.232709864191122,-93.9722785255729,TRUE,FALSE,TRUE,TRUE,"moderate_negative","inconclusive","strong_positive","strong_negative","Effect",1.73531958223695,1,1,TRUE
"nutrition_v4","nutrition_domain","diet","diet","ajala2013","ajala2013",2013,"hba1c","ajala2013_diet_hba1c","nutrition_v4__diet__ajala2013__hba1c__main","main",NA,NA,16,FALSE,0.302012669947098,0.0693460947979501,0.536744459919957,0.0713972844134278,-0.173801657952442,0.442094830392096,0.419863407228085,0.254780101919387,0.645855940557529,0.407717925284611,0.243879035422466,0.631562405993379,0.5,0.393266666666667,-0.188310718198245,0.5,1,Inf,0.5,0.7697,0.524027548595248,0.5,0.2303,-0.524027548595248,0.25,0.187466666666667,-0.159795874483187,0.25,0.0428333333333333,-0.87208443823021,0.25,0.2058,-0.109363257581788,0.25,0.5639,0.588737262634589,0.25,0.187466666666667,-0.159795874483187,0.25,0.0428333333333333,-0.87208443823021,-0.159795874483187,"effect",0.712288563747022,"inconclusive_clean_evidence",FALSE,TRUE,0,TRUE,TRUE,TRUE,"ok","sidecar_v4.0","rigor_selected_v1","7011227781d12d21","4.0.0","20260515T183402_ajala2013_diet_hba1c",0.38,0.422665040201577,0.0718915633556173,0,0.302012669947098,0.0713972844134278,0.23061538553367,-76.3595068955438,TRUE,FALSE,TRUE,TRUE,"inconclusive","strong_positive","moderate_positive","moderate_negative","Effect",0.712288563747023,1,1,TRUE
"nutrition_v4","nutrition_domain","diet","diet","brandmiller2003","brandmiller2003",2003,"glycemic_control","brandmiller2003_diet_glycemic_control","nutrition_v4__diet__brandmiller2003__glycemic_control__main","main",NA,NA,14,FALSE,0.549855630911258,0.338934374557082,0.767175554672336,0.141035079298323,-0.314558938525734,0.664491573806907,0.289801415822338,0.0639690094158267,0.53080667914648,0.212806809686558,0,0.591869643349853,0.5,0.4866,-0.023283759740625,0.5,0.7528,0.483631144002422,0.5,0.847433333333333,0.744645885032639,0.5,0.152566666666667,-0.744645885032639,0.25,0.152533333333333,-0.267636609358674,0.25,3.33333333333333e-05,-3.99998552327599,0.25,0.334066666666667,0.177523644333235,0.25,0.513366666666667,0.500347067012639,0.25,0.152533333333333,-0.267636609358674,0.25,3.33333333333333e-05,-3.99998552327599,-0.267636609358674,"effect",3.73234891391732,"inconclusive_clean_evidence",FALSE,TRUE,0,TRUE,TRUE,TRUE,"ok","sidecar_v4.0","rigor_selected_v1","7011227781d12d21","4.0.0","20260515T183418_brandmiller2003_diet_glycemic_control",0.43,0.209904773170865,0.198108688568166,0,0.549855630911258,0.141035079298323,0.408820551612935,-74.3505255980392,TRUE,FALSE,TRUE,TRUE,"inconclusive","inconclusive","moderate_positive","moderate_negative","Effect",3.73234891391732,1,1,TRUE
"nutrition_v4","nutrition_domain","diet","diet","bueno2013","bueno2013",2013,"body_weight","bueno2013_diet_body_weight","nutrition_v4__diet__bueno2013__body_weight__main","main",NA,NA,13,FALSE,0.158660797552857,0.036229418324529,0.276824400484397,0.0813327487640782,0,0.247386598702286,0.0779220758772439,0.00310989817303014,0.227169672312985,0.0271808630925606,0,0.197623557148184,0.5,0.5609,0.106322002905129,0.5,0.275866666666667,-0.419119312126893,0.5,0.533366666666667,0.0580501116769782,0.5,0.466633333333333,-0.0580501116769782,0.25,0.390266666666667,0.283342775772772,0.25,0.0763666666666667,-0.605474508747278,0.25,0.170633333333333,-0.20956144696408,0.25,0.362733333333333,0.232387519018676,0.25,0.390266666666667,0.283342775772772,0.25,0.0763666666666667,-0.605474508747278,0.283342775772772,"effect",0.88881728452005,"inconclusive_clean_evidence",FALSE,TRUE,0,TRUE,TRUE,TRUE,"ok","sidecar_v4.0","rigor_selected_v1","7011227781d12d21","4.0.0","20260515T183434_bueno2013_diet_body_weight",0.15,0.0907134985072097,0.527564114755475,0,0.158660797552857,0.0813327487640782,0.0773280487887788,-48.7379680308347,FALSE,FALSE,TRUE,FALSE,"inconclusive","inconclusive","inconclusive","inconclusive","Effect",0.88881728452005,4,0.25,TRUE
"nutrition_v4","nutrition_domain","diet","diet","bueno2013","bueno2013",2013,"hdl_cholesterol","bueno2013_diet_hdl_cholesterol","nutrition_v4__diet__bueno2013__hdl_cholesterol__main","main",NA,NA,12,FALSE,0.380986855568076,0.233109141740493,0.538592217557736,0.223700474873013,0,0.460653476519011,0.140492372687134,0.00790710361908365,0.34220168994824,0.0977505152932776,0,0.408346524071684,0.5,0.775866666666667,0.53928064375394,0.5,0.5057,0.00990234317176783,0.5,0.790466666666667,0.576630438849078,0.5,0.209533333333333,-0.576630438849078,0.25,0.209466666666667,-0.0996840105853279,0.25,6.66666666666667e-05,-3.69894105040542,0.25,0.5664,0.593155225871045,0.25,0.224066666666667,-0.0623259009994521,0.25,0.209466666666667,-0.0996840105853279,0.25,6.66666666666667e-05,-3.69894105040542,-0.0996840105853279,"effect",3.59925703982009,"inconclusive_clean_evidence",FALSE,TRUE,0,TRUE,TRUE,TRUE,"ok","sidecar_v4.0","rigor_selected_v1","7011227781d12d21","4.0.0","20260515T183445_bueno2013_diet_hdl_cholesterol",0.67,0.293542071874604,0.126666668200759,6.02116273336625,0.380986855568076,0.223700474873013,0.157286380695063,-41.2839389066425,FALSE,FALSE,TRUE,TRUE,"moderate_positive","inconclusive","moderate_positive","moderate_negative","Effect",3.59925703982009,4,0.25,TRUE
"nutrition_v4","nutrition_domain","diet","diet","bueno2013","bueno2013",2013,"ldl_cholesterol","bueno2013_diet_ldl_cholesterol","nutrition_v4__diet__bueno2013__ldl_cholesterol__main","main",NA,NA,12,FALSE,0.0244755823695302,-0.00100528438304962,0.0575615764419737,0.000372899598170344,0,0.00462970888753593,0.0207229116910731,0.000814925251798735,0.0645562648536738,0.000811381086751511,0,0.0129806232247343,0.5,0.035,-1.44045926899352,0.5,0.0509,-1.27059419106017,0.5,0.933833333333333,1.14963011570445,0.5,0.0661666666666667,-1.14963011570445,0.25,0.00706666666666667,-1.67058422952292,0.25,0.0591,-0.724834732931572,0.25,0.0279333333333333,-1.06445203227604,0.25,0.9059,1.46061189095031,0.25,0.00706666666666667,-1.67058422952292,0.25,0.0591,-0.724834732931572,-0.724834732931572,"no_effect",0.945749496591346,"clean_evidence_disfavored",FALSE,TRUE,0,TRUE,TRUE,TRUE,"ok","sidecar_v4.0","rigor_selected_v1","7011227781d12d21","4.0.0","20260515T183449_bueno2013_diet_ldl_cholesterol",0.08,0.0500000000000001,1,0,0.0244755823695302,0.000372899598170344,0.0241026827713599,-98.4764423884166,TRUE,FALSE,TRUE,FALSE,"strong_negative","strong_negative","strong_positive","strong_negative","No effect",0.945749496591348,4,0.25,TRUE
"nutrition_v4","nutrition_domain","diet","diet","bueno2013","bueno2013",2013,"triglycerides","bueno2013_diet_triglycerides","nutrition_v4__diet__bueno2013__triglycerides__main","main",NA,NA,12,FALSE,0.236694510448274,0.0975679084652217,0.390646933178596,0.0267243931705251,-0.155839742891816,0.268321146106988,0.124714472581519,0.00714121911698141,0.303690872996799,0.0274815432876301,0,0.214433149719734,0.5,0.288966666666667,-0.391042212755916,0.5,0.2652,-0.442595627901035,0.5,0.898733333333333,0.948164334833091,0.5,0.101266666666667,-0.948164334833091,0.25,0.0978666666666667,-0.487514678816229,0.25,0.0034,-1.98992071107312,0.25,0.1911,-0.149512893641608,0.25,0.707633333333333,0.861001680754761,0.25,0.0978666666666667,-0.487514678816229,0.25,0.0034,-1.98992071107312,-0.487514678816229,"effect",1.50240603225689,"inconclusive_clean_evidence",FALSE,TRUE,0,TRUE,TRUE,TRUE,"ok","sidecar_v4.0","rigor_selected_v1","7011227781d12d21","4.0.0","20260515T183506_bueno2013_diet_triglycerides",0.25,0.0500000000000001,1,0,0.236694510448274,0.0267243931705251,0.209970117277749,-88.7093312304067,TRUE,FALSE,TRUE,TRUE,"inconclusive","inconclusive","moderate_positive","moderate_negative","Effect",1.50240603225689,4,0.25,TRUE
"nutrition_v4","nutrition_domain","diet","diet","cowell2021","cowell2021",2021,"diastolic_blood_pressure","cowell2021_diet_diastolic_blood_pressure","nutrition_v4__diet__cowell2021__diastolic_blood_pressure__main","main",NA,NA,20,FALSE,0.147257355810993,-0.00280983356304548,0.304474758296729,0.032089730641455,-0.022638748770456,0.233852821454553,0.28053104554957,0.14334212541098,0.449225252415293,0.276495188639901,0.094022151397159,0.455250703959602,0.5,0.2847,-0.400100757897475,0.5,0.983166666666667,1.7664570223865,0.5,0.576966666666667,0.134776133816062,0.5,0.423033333333333,-0.134776133816062,0.25,0.187366666666667,-0.16008104734897,0.25,0.235666666666667,-0.0338633862133769,0.25,0.0973333333333333,-0.490144553845026,0.25,0.479633333333333,0.441721143583157,0.25,0.187366666666667,-0.16008104734897,0.25,0.235666666666667,-0.0338633862133769,-0.0338633862133769,"no_effect",0.126217661135593,"inconclusive_clean_evidence",FALSE,TRUE,0,TRUE,TRUE,TRUE,"ok","sidecar_v4.0","rigor_selected_v1","7011227781d12d21","4.0.0","20260515T183518_cowell2021_diet_diastolic_blood_pressure",0.25,0.324332663502396,0.10964495044973,0,0.147257355810993,0.032089730641455,0.115167625169538,-78.2084022460361,TRUE,FALSE,TRUE,FALSE,"inconclusive","strong_positive","inconclusive","inconclusive","No effect",0.126217661135593,2,0.5,TRUE
"nutrition_v4","nutrition_domain","diet","diet","cowell2021","cowell2021",2021,"systolic_blood_pressure","cowell2021_diet_systolic_blood_pressure","nutrition_v4__diet__cowell2021__systolic_blood_pressure__main","main",NA,NA,20,FALSE,0.125246251716838,0.0399931173442051,0.217809719800997,0.0400285666564409,0,0.162567248606652,0.0992579683042077,0.00510880687717371,0.242592742935601,0.0342019244010143,0,0.203277235793713,0.5,0.411966666666667,-0.154539867729262,0.5,0.3374,-0.293106353292835,0.5,0.780066666666667,0.549840663801106,0.5,0.219933333333333,-0.549840663801106,0.25,0.198466666666667,-0.129112757741541,0.25,0.0214666666666667,-1.18168975694812,0.25,0.2135,-0.0891795928786006,0.25,0.566566666666667,0.593449966584004,0.25,0.198466666666667,-0.129112757741541,0.25,0.0214666666666667,-1.18168975694812,-0.129112757741541,"effect",1.05257699920658,"inconclusive_clean_evidence",FALSE,TRUE,0,TRUE,TRUE,TRUE,"ok","sidecar_v4.0","rigor_selected_v1","7011227781d12d21","4.0.0","20260515T183521_cowell2021_diet_systolic_blood_pressure",0.25,0.0738618163289313,0.659936678637339,0,0.125246251716838,0.0400285666564409,0.0852176850603971,-68.0401081008483,TRUE,FALSE,TRUE,FALSE,"inconclusive","inconclusive","moderate_positive","moderate_negative","Effect",1.05257699920658,2,0.5,TRUE
"nutrition_v4","nutrition_domain","diet","diet","firth2019","firth2019",2019,"anxiety","firth2019_diet_anxiety","nutrition_v4__diet__firth2019__anxiety__main","main",NA,NA,11,FALSE,0.100531418535329,-0.0444069440488499,0.272166383705961,0.00409592594923917,-0.021059947189186,0.0989819496489432,0.156689710847482,0.0128273288363635,0.372370599112431,0.0486837496345525,0,0.268529531365113,0.5,0.119833333333333,-0.865987277105612,0.5,0.383833333333333,-0.205555512608876,0.5,0.7816,0.553731916678017,0.5,0.2184,-0.553731916678017,0.25,0.0453,-0.846647465832408,0.25,0.1731,-0.202034669334607,0.25,0.0745333333333333,-0.616888981796274,0.25,0.707066666666667,0.859812824917715,0.25,0.0453,-0.846647465832408,0.25,0.1731,-0.202034669334607,-0.202034669334607,"no_effect",0.644612796497801,"inconclusive_clean_evidence",FALSE,TRUE,0,TRUE,TRUE,TRUE,"ok","sidecar_v4.0","rigor_selected_v1","7011227781d12d21","4.0.0","20260515T183537_firth2019_diet_anxiety",0.18,0.0500000000000001,1,0,0.100531418535329,0.00409592594923917,0.0964354925860898,-95.9257255006307,TRUE,FALSE,TRUE,FALSE,"moderate_negative","inconclusive","moderate_positive","moderate_negative","No effect",0.644612796497801,2,0.5,TRUE
"nutrition_v4","nutrition_domain","diet","diet","firth2019","firth2019",2019,"depression","firth2019_diet_depression","nutrition_v4__diet__firth2019__depression__main","main",NA,NA,16,FALSE,0.264250621719317,0.0213531414152531,0.504936213854502,0.0879660703830644,-0.0542242294778969,0.432851216571966,0.443647792053055,0.291244565080656,0.662151456966758,0.459734430655404,0.302377998505639,0.674875268312356,0.5,0.419933333333333,-0.140297560306029,0.5,1,Inf,0.5,0.6173,0.20763781474261,0.5,0.3827,-0.20763781474261,0.25,0.251233333333333,0.00285201288169126,0.25,0.131466666666667,-0.342849584567981,0.25,0.1687,-0.215521443193107,0.25,0.4486,0.387513762196856,0.25,0.251233333333333,0.00285201288169126,0.25,0.131466666666667,-0.342849584567981,0.00285201288169126,"effect",0.345701597449672,"inconclusive_clean_evidence",FALSE,TRUE,0,TRUE,TRUE,TRUE,"ok","sidecar_v4.0","rigor_selected_v1","7011227781d12d21","4.0.0","20260515T183550_firth2019_diet_depression",0.5,0.511384788578409,0.0502881404556773,0,0.264250621719317,0.0879660703830644,0.176284551336253,-66.7111207494147,TRUE,FALSE,TRUE,TRUE,"inconclusive","strong_positive","inconclusive","inconclusive","Effect",0.345701597449672,2,0.5,TRUE
"nutrition_v4","nutrition_domain","diet","diet","greyling2020","greyling2020",2020,"nns_postprandial_glucose","greyling2020_diet_nns_postprandial_glucose","nutrition_v4__diet__greyling2020__nns_postprandial_glucose__main","main",NA,NA,55,FALSE,0.0193822625230415,-0.112186254547631,0.154362665325109,-0.0230014866965217,-0.289726308270715,0.0448362889910015,0.353090403589618,0.224084753444459,0.497147448180402,0.333403755848317,0.191708135981382,0.480515497234982,0.5,0.186466666666667,-0.639774144900055,0.5,0.997566666666667,2.61274032351738,0.5,0.353133333333333,-0.262876058445124,0.5,0.646866666666667,0.262876058445124,0.25,0.0581666666666667,-0.732178625619056,0.25,0.5887,0.632856581022656,0.25,0.1283,-0.355019134891074,0.25,0.224833333333333,-0.0604131351199498,0.25,0.0581666666666667,-0.732178625619056,0.25,0.5887,0.632856581022656,0.632856581022656,"no_effect",1.36503520664171,"clean_no_effect_supported",FALSE,TRUE,0,TRUE,TRUE,TRUE,"ok","sidecar_v4.0","rigor_selected_v1","7011227781d12d21","4.0.0","20260515T183554_greyling2020_diet_nns_postprandial_glucose",0.18,0.172036395635593,0.253301236963971,0,0.0193822625230415,0.0230014866965217,-0.0036192241734802,-218.672867366117,FALSE,TRUE,TRUE,FALSE,"moderate_negative","strong_positive","inconclusive","inconclusive","No effect",1.36503520664171,2,0.5,TRUE
"nutrition_v4","nutrition_domain","diet","diet","greyling2020","greyling2020",2020,"nns_postprandial_insulin","greyling2020_diet_nns_postprandial_insulin","nutrition_v4__diet__greyling2020__nns_postprandial_insulin__main","main",NA,NA,50,FALSE,0.0267948554600048,-0.129202534474708,0.186971199228753,-0.003669595818297,-0.0814982878363738,0.0539897182103321,0.430957652725291,0.294191932987563,0.587701667911998,0.34499926279008,0,0.560674906257084,0.5,0.1052,-0.929710235606872,0.5,0.95,1.27875360095283,0.5,0.514766666666667,0.0256597894419238,0.5,0.485233333333333,-0.0256597894419238,0.25,0.0516666666666667,-0.786629317841136,0.25,0.433566666666667,0.361028337552906,0.25,0.0535333333333333,-0.770359782335866,0.25,0.461233333333333,0.409641222727279,0.25,0.0516666666666667,-0.786629317841136,0.25,0.433566666666667,0.361028337552906,0.361028337552906,"no_effect",1.14765765539404,"inconclusive_clean_evidence",FALSE,TRUE,0,TRUE,TRUE,TRUE,"ok","sidecar_v4.0","rigor_selected_v1","7011227781d12d21","4.0.0","20260515T183608_greyling2020_diet_nns_postprandial_insulin",0.3,0.184250468437937,0.233020769334663,0,0.0267948554600048,0.003669595818297,0.0231252596417078,-113.695150637309,TRUE,TRUE,TRUE,FALSE,"moderate_negative","strong_positive","inconclusive","inconclusive","No effect",1.14765765539404,2,0.5,TRUE
"nutrition_v4","nutrition_domain","diet","diet","huang2015","huang2015",2015,"body_weight","huang2015_diet_body_weight","nutrition_v4__diet__huang2015__body_weight__main","main",NA,NA,13,FALSE,0.568276940215916,0.205089542106461,0.930722649890566,0.123707972854365,-0.404595631937771,0.749640214038198,0.616785403312953,0.396294301097769,0.907247386187739,0.669304677592132,0.388911622405732,1.01079316999861,0.5,0.468633333333333,-0.0545611308507086,0.5,1,Inf,0.5,0.863366666666667,0.800638613567764,0.5,0.136633333333333,-0.800638613567764,0.25,0.131033333333333,-0.344500073525719,0.25,0.0056,-1.77225183390773,0.25,0.3376,0.184403368896456,0.25,0.525766666666667,0.521922226527471,0.25,0.131033333333333,-0.344500073525719,0.25,0.0056,-1.77225183390773,-0.344500073525719,"effect",1.42775176038201,"inconclusive_clean_evidence",FALSE,TRUE,0,TRUE,TRUE,TRUE,"ok","sidecar_v4.0","rigor_selected_v1","7011227781d12d21","4.0.0","20260515T183623_huang2015_diet_body_weight",0.46,0.531365034016749,0.0464181808369387,1.05811946844735,0.568276940215916,0.123707972854365,0.444568967361551,-78.2310412230765,TRUE,FALSE,TRUE,TRUE,"inconclusive","strong_positive","moderate_positive","moderate_negative","Effect",1.42775176038201,1,1,TRUE
"nutrition_v4","nutrition_domain","diet","diet","laviadamolina2020","laviadamolina2020",2020,"nns_body_weight","laviadamolina2020_diet_nns_body_weight","nutrition_v4__diet__laviadamolina2020__nns_body_weight__main","main",NA,NA,20,FALSE,0.533308080871324,0.307575600497583,0.761966875695625,0.254860464791139,-0.102891610259218,0.699813107524365,0.422191549663636,0.24806375411805,0.644881079381756,0.484528912992666,0.237489564776528,0.784288253698307,0.5,0.648733333333333,0.266429273983965,0.5,0.998633333333333,2.8637434562553,0.5,0.707733333333333,0.384090364380066,0.5,0.292266666666667,-0.384090364380066,0.25,0.291933333333333,0.0923307910725358,0.25,0.000333333333333333,-2.99985521103986,0.25,0.3568,0.221200064683353,0.25,0.350933333333333,0.210056570103553,0.25,0.291933333333333,0.0923307910725358,0.25,0.000333333333333333,-2.99985521103986,0.0923307910725358,"effect",3.0921860021124,"inconclusive_clean_evidence",FALSE,TRUE,0,TRUE,TRUE,TRUE,"ok","sidecar_v4.0","rigor_selected_v1","7011227781d12d21","4.0.0","20260515T183637_laviadamolina2020_diet_nns_body_weight",0.5,0.440520033006653,0.0668444381439489,0,0.533308080871324,0.254860464791139,0.278447616080185,-52.2114001395318,TRUE,FALSE,TRUE,TRUE,"inconclusive","strong_positive","inconclusive","inconclusive","Effect",3.0921860021124,1,1,TRUE
"nutrition_v4","nutrition_domain","diet","diet","li2025","li2025",2025,"nns_body_weight","li2025_diet_nns_body_weight","nutrition_v4__diet__li2025__nns_body_weight__main","main",NA,NA,19,FALSE,0.156731631981386,-0.0683764204021894,0.377643923494257,0.0252106879538473,-0.0913689227068914,0.278385387272337,0.418577224820658,0.266827329946316,0.628373576731846,0.424184793930088,0.276261216643979,0.622811552517665,0.5,0.244566666666667,-0.489798879709786,0.5,1,Inf,0.5,0.488333333333333,-0.020270755123077,0.5,0.511666666666667,0.020270755123077,0.25,0.154733333333333,-0.260288606666034,0.25,0.356933333333333,0.221452363984712,0.25,0.0898333333333333,-0.528562156629142,0.25,0.3985,0.29831394877593,0.25,0.154733333333333,-0.260288606666034,0.25,0.356933333333333,0.221452363984712,0.221452363984712,"no_effect",0.481740970650747,"inconclusive_clean_evidence",FALSE,TRUE,0,TRUE,TRUE,TRUE,"ok","sidecar_v4.0","rigor_selected_v1","7011227781d12d21","4.0.0","20260515T183651_li2025_diet_nns_body_weight",0.37,0.365451018706868,0.0913865691929636,0,0.156731631981386,0.0252106879538473,0.131520944027539,-83.9147416286449,TRUE,FALSE,TRUE,FALSE,"inconclusive","strong_positive","inconclusive","inconclusive","No effect",0.481740970650746,1,1,TRUE
"nutrition_v4","nutrition_domain","diet","diet","ndanuko2016","ndanuko2016",2016,"diastolic_blood_pressure","ndanuko2016_diet_diastolic_blood_pressure","nutrition_v4__diet__ndanuko2016__diastolic_blood_pressure__main","main",NA,NA,18,FALSE,0.278826363357071,0.142371182135931,0.41482704739708,0.0331238189261841,-0.171972350093001,0.319039501447699,0.273160303524268,0.18688569625942,0.397798738121297,0.337473697123771,0.208183127864529,0.505320071767343,0.5,0.3026,-0.36261301935279,0.5,1,Inf,0.5,0.942466666666667,1.21434646228331,0.5,0.0575333333333333,-1.21434646228331,0.25,0.0568666666666667,-0.742594067642375,0.25,0.000666666666666667,-2.69868037812862,0.25,0.245733333333333,-0.00993958880167292,0.25,0.696733333333333,0.838363165628989,0.25,0.0568666666666667,-0.742594067642375,0.25,0.000666666666666667,-2.69868037812862,-0.742594067642375,"effect",1.95608631048624,"clean_evidence_disfavored",FALSE,TRUE,0,TRUE,TRUE,TRUE,"ok","sidecar_v4.0","rigor_selected_v1","7011227781d12d21","4.0.0","20260515T183655_ndanuko2016_diet_diastolic_blood_pressure",0.78,0.664384112354093,0.026587020608196,19.3796775142289,0.278826363357071,0.0331238189261841,0.245702544430887,-88.1202700751202,TRUE,FALSE,TRUE,TRUE,"inconclusive","strong_positive","strong_positive","strong_negative","Effect",1.95608631048624,2,0.5,TRUE
"nutrition_v4","nutrition_domain","diet","diet","ndanuko2016","ndanuko2016",2016,"systolic_blood_pressure","ndanuko2016_diet_systolic_blood_pressure","nutrition_v4__diet__ndanuko2016__systolic_blood_pressure__main","main",NA,NA,18,FALSE,0.310551140445463,0.175661917346392,0.443229349650477,-0.000654027371131222,-0.400814897229254,0.299477466527059,0.268287481184823,0.183903872165571,0.391756250713871,0.373906883702777,0.227570414776196,0.562564793353209,0.5,0.281833333333333,-0.406232886490626,0.5,1,Inf,0.5,0.9785,1.65812237007842,0.5,0.0215,-1.65812237007842,0.25,0.0214,-1.18307018335507,0.25,1e-04,-3.52283531366053,0.25,0.260433333333333,0.0238404956582483,0.25,0.718066666666667,0.883139595463215,0.25,0.0214,-1.18307018335507,0.25,1e-04,-3.52283531366053,-1.18307018335507,"effect",2.33976513030546,"clean_evidence_disfavored",FALSE,TRUE,0,TRUE,TRUE,TRUE,"ok","sidecar_v4.0","rigor_selected_v1","7011227781d12d21","4.0.0","20260515T183710_ndanuko2016_diet_systolic_blood_pressure",0.67,0.685011829921536,0.0242015159911925,21.8400341747593,0.310551140445463,0.000654027371131222,0.309897113074332,-100.210602147586,TRUE,TRUE,TRUE,TRUE,"inconclusive","strong_positive","strong_positive","strong_negative","Effect",2.33976513030546,2,0.5,TRUE
"nutrition_v4","nutrition_domain","diet","diet","riosleyvraz2020","riosleyvraz2020",2020,"nns_body_mass_index","riosleyvraz2020_diet_nns_body_mass_index","nutrition_v4__diet__riosleyvraz2020__nns_body_mass_index__main","main",NA,NA,23,FALSE,0.22021523222174,-0.0316652741056596,0.47740780457794,-0.0116307847220623,-0.468376293714179,0.318511645942855,0.569118628190197,0.3917003278205,0.795034376674993,0.541388609013075,0.361702162443079,0.763769914506617,0.5,0.315966666666667,-0.335435997105068,0.5,1,Inf,0.5,0.778033333333333,0.544710443722485,0.5,0.221966666666667,-0.544710443722485,0.25,0.100033333333333,-0.476960428735784,0.25,0.121933333333333,-0.380283789556495,0.25,0.215933333333333,-0.0829120472431076,0.25,0.5621,0.585559894820475,0.25,0.100033333333333,-0.476960428735784,0.25,0.121933333333333,-0.380283789556495,-0.380283789556495,"no_effect",0.0966766391792883,"inconclusive_clean_evidence",FALSE,TRUE,0,TRUE,TRUE,TRUE,"ok","sidecar_v4.0","rigor_selected_v1","7011227781d12d21","4.0.0","20260515T183722_riosleyvraz2020_diet_nns_body_mass_index",0.35,0.437393601251561,0.067698436927415,0,0.22021523222174,0.0116307847220623,0.208584447499678,-105.281553235314,TRUE,TRUE,TRUE,TRUE,"inconclusive","strong_positive","moderate_positive","moderate_negative","No effect",0.096676639179289,2,0.5,TRUE
"nutrition_v4","nutrition_domain","diet","diet","riosleyvraz2020","riosleyvraz2020",2020,"nns_body_weight","riosleyvraz2020_diet_nns_body_weight","nutrition_v4__diet__riosleyvraz2020__nns_body_weight__main","main",NA,NA,29,FALSE,0.322664020251603,0.085875158569296,0.560929854916029,0.119585662701176,-0.11369679608179,0.496644615789334,0.593794494174031,0.432842869614087,0.797094311637343,0.605425523685743,0.438104216697679,0.814071273540882,0.5,0.489233333333333,-0.018706507350384,0.5,1,Inf,0.5,0.640066666666667,0.250003142220823,0.5,0.359933333333333,-0.250003142220823,0.25,0.307166666666667,0.123866565432521,0.25,0.0527666666666667,-0.7769760576964,0.25,0.182066666666667,-0.175366211601897,0.25,0.458,0.403987446185145,0.25,0.307166666666667,0.123866565432521,0.25,0.0527666666666667,-0.7769760576964,0.123866565432521,"effect",0.900842623128921,"inconclusive_clean_evidence",FALSE,TRUE,0,TRUE,TRUE,TRUE,"ok","sidecar_v4.0","rigor_selected_v1","7011227781d12d21","4.0.0","20260515T183728_riosleyvraz2020_diet_nns_body_weight",0.38,0.474478313785623,0.0582935727942736,0,0.322664020251603,0.119585662701176,0.203078357550427,-62.9380237040601,TRUE,FALSE,TRUE,TRUE,"inconclusive","strong_positive","inconclusive","inconclusive","Effect",0.900842623128921,2,0.5,TRUE
"nutrition_v4","nutrition_domain","diet","diet","rogers2020","rogers2020",2020,"nns_body_weight","rogers2020_diet_nns_body_weight","nutrition_v4__diet__rogers2020__nns_body_weight__main","main",NA,NA,29,FALSE,0.339253378943667,0.19283753074548,0.499807883458552,0.0689338583127698,-0.0558711459286533,0.404946323769801,0.268961943643887,0.118641695207426,0.438239714005681,0.258434315283678,0.0616854796382361,0.479855197436845,0.5,0.349933333333333,-0.26897258367008,0.5,0.979933333333333,1.68872129430709,0.5,0.883966666666667,0.881853120028004,0.5,0.116033333333333,-0.881853120028004,0.25,0.115833333333333,-0.405579328927583,0.25,2e-04,-3.22176188203293,0.25,0.2341,-0.0376494011076259,0.25,0.649866666666667,0.745712057814908,0.25,0.115833333333333,-0.405579328927583,0.25,2e-04,-3.22176188203293,-0.405579328927583,"effect",2.81618255310534,"inconclusive_clean_evidence",FALSE,TRUE,0,TRUE,TRUE,TRUE,"ok","sidecar_v4.0","rigor_selected_v1","7011227781d12d21","4.0.0","20260515T183743_rogers2020_diet_nns_body_weight",0.28,0.177946402521628,0.243140508928046,0,0.339253378943667,0.0689338583127698,0.270319520630897,-79.6807157743251,TRUE,FALSE,TRUE,TRUE,"inconclusive","strong_positive","moderate_positive","moderate_negative","Effect",2.81618255310535,2,0.5,TRUE
"nutrition_v4","nutrition_domain","diet","diet","rogers2020","rogers2020",2020,"nns_energy_intake","rogers2020_diet_nns_energy_intake","nutrition_v4__diet__rogers2020__nns_energy_intake__main","main",NA,NA,22,FALSE,0.367228544977821,0.205477115380861,0.54631468831498,0.056102587971436,-0.0298228334174497,0.351448247213878,0.243131127902613,0.0723595483568218,0.432774884385058,0.0691854003331911,0,0.326939910961979,0.5,0.3563,-0.256867686777954,0.5,0.439566666666667,-0.105499206787342,0.5,0.9684,1.48636769815129,0.5,0.0316,-1.48636769815129,0.25,0.0315,-1.01066781654587,0.25,1e-04,-3.52283531366053,0.25,0.3248,0.159304841671202,0.25,0.6436,0.733799594781817,0.25,0.0315,-1.01066781654587,0.25,1e-04,-3.52283531366053,-1.01066781654587,"effect",2.51216749711466,"clean_evidence_disfavored",FALSE,TRUE,0,TRUE,TRUE,TRUE,"ok","sidecar_v4.0","rigor_selected_v1","7011227781d12d21","4.0.0","20260515T183753_rogers2020_diet_nns_energy_intake",0.45,0.0603458578194095,0.819533988243163,49.4132956177302,0.367228544977821,0.056102587971436,0.311125957006385,-84.7227050460295,TRUE,FALSE,TRUE,TRUE,"inconclusive","inconclusive","strong_positive","strong_negative","Effect",2.51216749711466,2,0.5,TRUE
"nutrition_v4","nutrition_domain","diet","diet","saneei2014","saneei2014",2014,"diastolic_blood_pressure","saneei2014_diet_diastolic_blood_pressure","nutrition_v4__diet__saneei2014__diastolic_blood_pressure__main","main",NA,NA,22,FALSE,0.613783232797112,0.454578970165817,0.779348147849235,0.501086519508681,0,0.747020149066705,0.300939076786967,0.179880061949718,0.462408489698399,0.311913037836705,0.17740210432386,0.522758285049354,0.5,0.9418,1.20903570145681,0.5,1,Inf,0.5,0.5999,0.175910310558458,0.5,0.4001,-0.175910310558458,0.25,0.4001,0.301210944161205,0.25,0,-Inf,0.25,0.5417,0.549730233062078,0.25,0.0582,-0.731914446737153,0.25,0.4001,0.301210944161205,0.25,0,-Inf,0.301210944161205,"effect",Inf,"inconclusive_clean_evidence",FALSE,TRUE,0,TRUE,TRUE,TRUE,"ok","sidecar_v4.0","rigor_selected_v1","7011227781d12d21","4.0.0","20260515T183800_saneei2014_diet_diastolic_blood_pressure",0.73,0.587206631631327,0.0369988443355406,0,0.613783232797112,0.501086519508681,0.112696713288431,-18.3609957500555,FALSE,FALSE,TRUE,TRUE,"strong_positive","strong_positive","inconclusive","inconclusive","Effect",Inf,2,0.5,TRUE
"nutrition_v4","nutrition_domain","diet","diet","saneei2014","saneei2014",2014,"systolic_blood_pressure","saneei2014_diet_systolic_blood_pressure","nutrition_v4__diet__saneei2014__systolic_blood_pressure__main","main",NA,NA,22,FALSE,0.745758336607132,0.56062209859796,0.931550400673983,0.5997369604154,0,0.896837590921749,0.362845004901812,0.219184381751745,0.548109946701968,0.385256559022264,0.210946670695576,0.710354142496173,0.5,0.937466666666667,1.17584425522027,0.5,0.999966666666667,4.4771067779957,0.5,0.6255,0.222775491993954,0.5,0.3745,-0.222775491993954,0.25,0.3745,0.254345762725709,0.25,0,-Inf,0.25,0.562966666666667,0.587089373026756,0.25,0.0625333333333333,-0.698723000500609,0.25,0.3745,0.254345762725709,0.25,0,-Inf,0.254345762725709,"effect",Inf,"inconclusive_clean_evidence",FALSE,TRUE,0,TRUE,TRUE,TRUE,"ok","sidecar_v4.0","rigor_selected_v1","7011227781d12d21","4.0.0","20260515T183817_saneei2014_diet_systolic_blood_pressure",0.73,0.665183606166186,0.0264918067766291,0,0.745758336607132,0.5997369604154,0.146021376191732,-19.5802539541246,FALSE,FALSE,TRUE,TRUE,"strong_positive","strong_positive","inconclusive","inconclusive","Effect",Inf,2,0.5,TRUE
"nutrition_v4","nutrition_domain","diet","diet","shannon2020","shannon2020",2020,"endothelial_function","shannon2020_diet_endothelial_function","nutrition_v4__diet__shannon2020__endothelial_function__main","main",NA,NA,18,FALSE,0.333421787334839,0.153871394059504,0.509434494723509,0.205547854478494,0,0.482020774955404,0.298797854966276,0.175289916222297,0.466676191025257,0.328740244784241,0.184595385150192,0.527213530264244,0.5,0.703733333333333,0.375725331279182,0.5,0.999966666666667,4.4771067779957,0.5,0.520433333333333,0.0355161161050296,0.5,0.479566666666667,-0.0355161161050296,0.25,0.4697,0.424420187784349,0.25,0.00986666666666667,-1.5244019704395,0.25,0.234033333333333,-0.0378108973841962,0.25,0.2864,0.0806394269874137,0.25,0.4697,0.424420187784349,0.25,0.00986666666666667,-1.5244019704395,0.424420187784349,"effect",1.94882215822385,"inconclusive_clean_evidence",FALSE,TRUE,0,TRUE,TRUE,TRUE,"ok","sidecar_v4.0","rigor_selected_v1","7011227781d12d21","4.0.0","20260515T183828_shannon2020_diet_endothelial_function",0.33,0.390558311841407,0.0821282696753673,0,0.333421787334839,0.205547854478494,0.127873932856345,-38.3520026925918,FALSE,FALSE,TRUE,TRUE,"inconclusive","strong_positive","inconclusive","inconclusive","Effect",1.94882215822385,1,1,TRUE
"nutrition_v4","nutrition_domain","diet","diet","zare2024","zare2024",2024,"nns_blood_glucose","zare2024_diet_nns_blood_glucose","nutrition_v4__diet__zare2024__nns_blood_glucose__main","main",NA,NA,31,FALSE,0.187131379902921,-0.0175797651195559,0.396651924405522,0.0256608467775929,-0.14260352046437,0.294154061245654,0.519301223638764,0.372655320441223,0.709690144603724,0.516172768892591,0.366989776917441,0.702870919002517,0.5,0.2661,-0.44059201314824,0.5,1,Inf,0.5,0.6623,0.292523694411477,0.5,0.3377,-0.292523694411477,0.25,0.143966666666667,-0.297107472079274,0.25,0.193733333333333,-0.142153099588258,0.25,0.122133333333333,-0.379473093816701,0.25,0.540166666666667,0.547048585272687,0.25,0.143966666666667,-0.297107472079274,0.25,0.193733333333333,-0.142153099588258,-0.142153099588258,"no_effect",0.154954372491017,"inconclusive_clean_evidence",FALSE,TRUE,0,TRUE,TRUE,TRUE,"ok","sidecar_v4.0","rigor_selected_v1","7011227781d12d21","4.0.0","20260515T183832_zare2024_diet_nns_blood_glucose",0.35,0.40265037401622,0.0780812736279045,0,0.187131379902921,0.0256608467775929,0.161470533125328,-86.2872561561267,TRUE,FALSE,TRUE,FALSE,"inconclusive","strong_positive","inconclusive","inconclusive","No effect",0.154954372491016,2,0.5,TRUE
"nutrition_v4","nutrition_domain","diet","diet","zare2024","zare2024",2024,"nns_insulin_concentration","zare2024_diet_nns_insulin_concentration","nutrition_v4__diet__zare2024__nns_insulin_concentration__main","main",NA,NA,15,FALSE,0.0173780662448962,-0.153722435684755,0.180518206104727,0.000362070047450736,-0.0498547118518412,0.0637240874547899,0.217927789508965,0.0621532556462829,0.402032166188889,0.166428781169167,0,0.364543031020223,0.5,0.101966666666667,-0.944834234907919,0.5,0.8307,0.690787252356302,0.5,0.3214,-0.324567982881773,0.5,0.6786,0.324567982881773,0.25,0.0700333333333333,-0.646041329758551,0.25,0.608566666666667,0.668771609397595,0.25,0.0319333333333333,-1.00453975728822,0.25,0.289466666666667,0.0871353579331707,0.25,0.0700333333333333,-0.646041329758551,0.25,0.608566666666667,0.668771609397595,0.668771609397595,"no_effect",1.31481293915615,"clean_no_effect_supported",FALSE,TRUE,0,TRUE,TRUE,TRUE,"ok","sidecar_v4.0","rigor_selected_v1","7011227781d12d21","4.0.0","20260515T183848_zare2024_diet_nns_insulin_concentration",0.2,0.134749303428302,0.337957297193776,0,0.0173780662448962,0.000362070047450736,0.0170159961974455,-97.9165112944769,TRUE,FALSE,TRUE,FALSE,"moderate_negative","moderate_positive","inconclusive","inconclusive","No effect",1.31481293915615,2,0.5,TRUE
"nutrition_v4","nutrition_domain","fasting","fasting","dai2025","dai2025",2025,"fat_mass","dai2025_fasting_fat_mass","nutrition_v4__fasting__dai2025__fat_mass__main","main",NA,NA,10,FALSE,0.335978244135623,0.0833713092825996,0.580068397973151,0.205498269798875,0,0.528318392512267,0.164112024027103,0.00689587293703763,0.451717341461576,0.0770932674064381,0,0.416198949698698,0.5,0.684533333333333,0.336441124043513,0.5,0.4193,-0.141426963629756,0.5,0.4769,-0.0401573975935689,0.5,0.5231,0.0401573975935689,0.25,0.475766666666667,0.434990633724972,0.25,0.0473333333333333,-0.826652625352232,0.25,0.208766666666667,-0.101522163371373,0.25,0.268133333333333,0.0410400945347895,0.25,0.475766666666667,0.434990633724972,0.25,0.0473333333333333,-0.826652625352232,0.434990633724972,"effect",1.2616432590772,"inconclusive_clean_evidence",FALSE,TRUE,0,TRUE,TRUE,TRUE,"ok","sidecar_v4.0","rigor_selected_v1","7011227781d12d21","4.0.0","20260515T183859_dai2025_fasting_fat_mass",0.2,0.129078741165632,0.355116278064494,0,0.335978244135623,0.205498269798875,0.130479974336748,-38.8358403004445,FALSE,FALSE,TRUE,TRUE,"inconclusive","inconclusive","inconclusive","inconclusive","Effect",1.2616432590772,1,1,TRUE
"nutrition_v4","nutrition_domain","fasting","fasting","fernando2019","fernando2019",2019,"bmi","fernando2019_fasting_bmi","nutrition_v4__fasting__fernando2019__bmi__main","main",NA,NA,23,FALSE,0.255706596351521,0.134911656539381,0.375310177520815,0.178736656788244,0,0.362059569877222,0.211543543833398,0.116746160315623,0.338872366302868,0.222616502808366,0.120368245286161,0.360254737663744,0.5,0.756433333333333,0.492152805786159,0.5,0.999466666666667,3.27276958655172,0.5,0.4312,-0.120280835543028,0.5,0.5688,0.120280835543028,0.25,0.5642,0.589267110628773,0.25,0.0046,-1.85811855000677,0.25,0.192233333333333,-0.146335976178433,0.25,0.238966666666667,-0.0259450989412907,0.25,0.5642,0.589267110628773,0.25,0.0046,-1.85811855000677,0.589267110628773,"effect",2.44738566063554,"clean_effect_supported",FALSE,TRUE,0,TRUE,TRUE,TRUE,"ok","sidecar_v4.0","rigor_selected_v1","7011227781d12d21","4.0.0","20260516T154726_fernando2019_fasting_bmi",0.26,0.327133419711747,0.108255618080993,0,0.255706596351521,0.178736656788244,0.076969939563277,-30.1008815030591,FALSE,FALSE,TRUE,TRUE,"inconclusive","strong_positive","inconclusive","inconclusive","Effect",2.44738566063554,1,1,TRUE
"nutrition_v4","nutrition_domain","fasting","fasting","gu2022","gu2022",2022,"bmi","gu2022_fasting_bmi","nutrition_v4__fasting__gu2022__bmi__main","main",NA,NA,10,FALSE,0.231356154032553,0.0396039325949552,0.430919935476603,0.0596918484253934,-0.0254044949451374,0.323059672766009,0.127839280361274,0.00527065841869063,0.362983115987938,0.0459924662688861,0,0.299270089757116,0.5,0.365466666666667,-0.239606669259259,0.5,0.3404,-0.287291095559931,0.5,0.778266666666667,0.545297444090641,0.5,0.221733333333333,-0.545297444090641,0.25,0.1745,-0.197800391583951,0.25,0.0472333333333333,-0.82761670433981,0.25,0.190966666666667,-0.14988759328664,0.25,0.5873,0.630346786685204,0.25,0.1745,-0.197800391583951,0.25,0.0472333333333333,-0.82761670433981,-0.197800391583951,"effect",0.629816312755859,"inconclusive_clean_evidence",FALSE,TRUE,0,TRUE,TRUE,TRUE,"ok","sidecar_v4.0","rigor_selected_v1","7011227781d12d21","4.0.0","20260516T154754_gu2022_fasting_bmi",0.2,0.0565332309410867,0.878353229067196,0.950092028515644,0.231356154032553,0.0596918484253934,0.17166430560716,-74.1991525252471,TRUE,FALSE,TRUE,TRUE,"inconclusive","inconclusive","moderate_positive","moderate_negative","Effect",0.629816312755859,5,0.2,TRUE
"nutrition_v4","nutrition_domain","fasting","fasting","gu2022","gu2022",2022,"fat_free_mass","gu2022_fasting_fat_free_mass","nutrition_v4__fasting__gu2022__fat_free_mass__main","main",NA,NA,15,FALSE,0.0746570466808768,-0.110819243009585,0.244547903405211,0.0132923961250896,-0.000731149375833654,0.162409350701405,0.12730260232624,0.00518127315786029,0.355828995035868,0.0457894018359909,0,0.287380072185251,0.5,0.163666666666667,-0.708419169191642,0.5,0.344666666666667,-0.279062974738193,0.5,0.2471,-0.483864551738585,0.5,0.7529,0.483864551738585,0.25,0.1321,-0.340445616033456,0.25,0.6208,0.691204634303766,0.25,0.0315666666666667,-1.00971975037607,0.25,0.215533333333333,-0.0839387941225093,0.25,0.1321,-0.340445616033456,0.25,0.6208,0.691204634303766,0.691204634303766,"no_effect",1.03165025033722,"clean_no_effect_supported",FALSE,TRUE,0,TRUE,TRUE,TRUE,"ok","sidecar_v4.0","rigor_selected_v1","7011227781d12d21","4.0.0","20260515T183928_gu2022_fasting_fat_free_mass",0.07,0.0500000000000001,1,0,0.0746570466808768,0.0132923961250896,0.0613646505557872,-82.1953898311726,TRUE,FALSE,TRUE,FALSE,"moderate_negative","inconclusive","inconclusive","inconclusive","No effect",1.03165025033722,5,0.2,TRUE
"nutrition_v4","nutrition_domain","fasting","fasting","gu2022","gu2022",2022,"fat_mass","gu2022_fasting_fat_mass","nutrition_v4__fasting__gu2022__fat_mass__main","main",NA,NA,17,FALSE,0.138561302301437,-0.0190226559217946,0.288840916907727,0.0463222191112344,0,0.244154145981894,0.100860322846696,0.0041028817144441,0.290110575214924,0.037244590013399,0,0.247496558781507,0.5,0.348133333333333,-0.272413165440891,0.5,0.317166666666667,-0.333027175666122,0.5,0.3624,-0.24536011938328,0.5,0.6376,0.24536011938328,0.25,0.277,0.0604627264895802,0.25,0.3606,0.228374345170377,0.25,0.0711333333333333,-0.638758962966817,0.25,0.291266666666667,0.0909291812788966,0.25,0.277,0.0604627264895802,0.25,0.3606,0.228374345170377,0.228374345170377,"no_effect",0.167911618680796,"inconclusive_clean_evidence",FALSE,TRUE,0,TRUE,TRUE,TRUE,"ok","sidecar_v4.0","rigor_selected_v1","7011227781d12d21","4.0.0","20260515T183934_gu2022_fasting_fat_mass",0,0.0527944973329338,0.944282523968428,0,0.138561302301437,0.0463222191112344,0.0922390831902026,-66.5691514572651,TRUE,FALSE,TRUE,FALSE,"inconclusive","inconclusive","inconclusive","inconclusive","No effect",0.167911618680797,5,0.2,TRUE
"nutrition_v4","nutrition_domain","fasting","fasting","gu2022","gu2022",2022,"total_cholesterol","gu2022_fasting_total_cholesterol","nutrition_v4__fasting__gu2022__total_cholesterol__main","main",NA,NA,19,FALSE,0.0924427231268106,-0.086643828848213,0.253049785770263,0.0235748206860636,-0.000311359903393397,0.196000246507712,0.161991443119255,0.00891271939293275,0.390669072995854,0.105159806015545,0,0.364080722295783,0.5,0.2372,-0.507295999681743,0.5,0.5765,0.133945896963992,0.5,0.3093,-0.348909536002968,0.5,0.6907,0.348909536002968,0.25,0.1809,-0.178777104353147,0.25,0.5098,0.494147778936852,0.25,0.0563,-0.747204305477531,0.25,0.253,0.00692117408008157,0.25,0.1809,-0.178777104353147,0.25,0.5098,0.494147778936852,0.494147778936852,"no_effect",0.672924883289999,"inconclusive_clean_evidence",FALSE,TRUE,0,TRUE,TRUE,TRUE,"ok","sidecar_v4.0","rigor_selected_v1","7011227781d12d21","4.0.0","20260515T183948_gu2022_fasting_total_cholesterol",0.11,0.0708512305944272,0.690214784292542,0,0.0924427231268106,0.0235748206860636,0.068867902440747,-74.4979162354139,TRUE,FALSE,TRUE,FALSE,"moderate_negative","inconclusive","inconclusive","inconclusive","No effect",0.672924883289999,5,0.2,TRUE
"nutrition_v4","nutrition_domain","fasting","fasting","gu2022","gu2022",2022,"triglycerides","gu2022_fasting_triglycerides","nutrition_v4__fasting__gu2022__triglycerides__main","main",NA,NA,19,FALSE,0.222752616499198,0.068912950503227,0.377367038897742,0.0987195298053482,0,0.321156216246948,0.122791385962985,0.00537564074161898,0.337332563072357,0.04978450691031,0,0.307714545765727,0.5,0.536966666666667,0.064335070200578,0.5,0.351133333333333,-0.266683405017898,0.5,0.6109,0.195908894328267,0.5,0.3891,-0.195908894328267,0.25,0.3601,0.227432265921857,0.25,0.029,-1.04769997728939,0.25,0.176866666666667,-0.190702943442981,0.25,0.434033333333333,0.361853485291794,0.25,0.3601,0.227432265921857,0.25,0.029,-1.04769997728939,0.227432265921857,"effect",1.27513224321124,"inconclusive_clean_evidence",FALSE,TRUE,0,TRUE,TRUE,TRUE,"ok","sidecar_v4.0","rigor_selected_v1","7011227781d12d21","4.0.0","20260515T183958_gu2022_fasting_triglycerides",0.05,0.0805574558125565,0.600710549023509,0,0.222752616499198,0.0987195298053482,0.12403308669385,-55.6819886756735,TRUE,FALSE,TRUE,TRUE,"inconclusive","inconclusive","inconclusive","inconclusive","Effect",1.27513224321125,5,0.2,TRUE
"nutrition_v4","nutrition_domain","fasting","fasting","jahrami2020","jahrami2020",2020,"body_weight","jahrami2020_fasting_body_weight","nutrition_v4__fasting__jahrami2020__body_weight__main","main",NA,NA,85,FALSE,0.354698898920668,0.311522718995936,0.40221833708938,0.0663986572930636,0,0.245996777116435,0.117408816413668,0.0549898309099455,0.179775406998023,0.0217191397584781,0,0.166066592804292,0.5,0.3974,-0.180801264563542,0.5,0.278766666666667,-0.412834948292772,0.5,1,Inf,0.5,0,-Inf,0.25,0,-Inf,0.25,0,-Inf,0.25,0.3974,0.29631999015612,0.25,0.6026,0.657922519283204,0.25,0,-Inf,0.25,0,-Inf,-Inf,"effect",NA,"clean_evidence_disfavored",FALSE,TRUE,0,TRUE,TRUE,TRUE,"ok","sidecar_v4.0","rigor_selected_v1","7011227781d12d21","4.0.0","20260515T184004_jahrami2020_fasting_body_weight",0.62,0.0623754959662139,0.791154564001681,0,0.354698898920668,0.0663986572930636,0.288300241627604,-81.2802753278593,TRUE,FALSE,TRUE,TRUE,"inconclusive","inconclusive","strong_positive","strong_negative","Effect",0,1,1,TRUE
"nutrition_v4","nutrition_domain","fasting","fasting","khalafi2025","khalafi2025",2025,"alanine_aminotransferase","khalafi2025_fasting_alanine_aminotransferase","nutrition_v4__fasting__khalafi2025__alanine_aminotransferase__main","main",NA,NA,20,FALSE,0.424390567878211,0.272179986562215,0.57060631233123,0.392474278173276,0,0.556498679954863,0.117043062264841,0.00527642542893359,0.309711197994257,0.0466103191696075,0,0.300127539945243,0.5,0.965066666666667,1.44131728745243,0.5,0.3414,-0.285358209597174,0.5,0.320633333333333,-0.326095564250101,0.5,0.679366666666667,0.326095564250101,0.25,0.679266666666667,0.803017460057761,0.25,1e-04,-3.52283531366053,0.25,0.2858,0.0793636333178508,0.25,0.0348333333333333,-0.965486024102657,0.25,0.679266666666667,0.803017460057761,0.25,1e-04,-3.52283531366053,0.803017460057761,"effect",4.32585277371829,"clean_effect_supported",FALSE,TRUE,0,TRUE,TRUE,TRUE,"ok","sidecar_v4.0","rigor_selected_v1","7011227781d12d21","4.0.0","20260515T184019_khalafi2025_fasting_alanine_aminotransferase",0.3,0.281138755674861,0.1345769715977,0,0.424390567878211,0.392474278173276,0.031916289704935,-7.52049930433283,FALSE,FALSE,TRUE,TRUE,"strong_positive","inconclusive","inconclusive","inconclusive","Effect",4.32585277371829,2,0.5,TRUE
"nutrition_v4","nutrition_domain","fasting","fasting","khalafi2025","khalafi2025",2025,"aspartate_aminotransferase","khalafi2025_fasting_aspartate_aminotransferase","nutrition_v4__fasting__khalafi2025__aspartate_aminotransferase__main","main",NA,NA,18,FALSE,0.296765697067484,0.0990881168718994,0.474000708943739,0.231303478788384,0,0.452524808729869,0.232195730397473,0.024534348947067,0.460902413842609,0.190446955991043,0,0.486207837160012,0.5,0.804433333333333,0.614195224677158,0.5,0.740466666666667,0.455312368149417,0.5,0.3666,-0.237485598409695,0.5,0.6334,0.237485598409695,0.25,0.592066666666667,0.638902671584297,0.25,0.0413333333333333,-0.888245941828947,0.25,0.212366666666667,-0.0921164824962751,0.25,0.154233333333333,-0.261951065245721,0.25,0.592066666666667,0.638902671584297,0.25,0.0413333333333333,-0.888245941828947,0.638902671584297,"effect",1.52714861341324,"clean_effect_supported",FALSE,TRUE,0,TRUE,TRUE,TRUE,"ok","sidecar_v4.0","rigor_selected_v1","7011227781d12d21","4.0.0","20260515T184032_khalafi2025_fasting_aspartate_aminotransferase",0.28,0.217212679065097,0.189672780030123,0,0.296765697067484,0.231303478788384,0.0654622182791,-22.0585529008139,FALSE,FALSE,TRUE,TRUE,"moderate_positive","inconclusive","inconclusive","inconclusive","Effect",1.52714861341324,2,0.5,TRUE
"nutrition_v4","nutrition_domain","fasting","fasting","kordvarkaneh2020","kordvarkaneh2020",2020,"diastolic_blood_pressure","kordvarkaneh2020_fasting_diastolic_blood_pressure","nutrition_v4__fasting__kordvarkaneh2020__diastolic_blood_pressure__main","main",NA,NA,23,FALSE,0.249314947986844,0.0520488346372266,0.451338135332121,0.0629208310150723,-0.0717172613918641,0.371849490813363,0.428997838324983,0.296952677849516,0.608407858176584,0.436720593605023,0.296322187455581,0.625395416381811,0.5,0.3656,-0.239356987247754,0.5,1,Inf,0.5,0.7626,0.506816086319079,0.5,0.2374,-0.506816086319079,0.25,0.180333333333333,-0.180440008912485,0.25,0.0570666666666667,-0.740977228272182,0.25,0.185266666666667,-0.166096942602058,0.25,0.577333333333333,0.612549888855277,0.25,0.180333333333333,-0.180440008912485,0.25,0.0570666666666667,-0.740977228272182,-0.180440008912485,"effect",0.560537219359697,"inconclusive_clean_evidence",FALSE,TRUE,0,TRUE,TRUE,TRUE,"ok","sidecar_v4.0","rigor_selected_v1","7011227781d12d21","4.0.0","20260515T184044_kordvarkaneh2020_fasting_diastolic_blood_pressure",0.48,0.521224697781519,0.0483451767047718,0,0.249314947986844,0.0629208310150723,0.186394116971772,-74.7625116250982,TRUE,FALSE,TRUE,TRUE,"inconclusive","strong_positive","moderate_positive","moderate_negative","Effect",0.560537219359697,2,0.5,TRUE
"nutrition_v4","nutrition_domain","fasting","fasting","kordvarkaneh2020","kordvarkaneh2020",2020,"systolic_blood_pressure","kordvarkaneh2020_fasting_systolic_blood_pressure","nutrition_v4__fasting__kordvarkaneh2020__systolic_blood_pressure__main","main",NA,NA,23,FALSE,0.189423147920151,0.0897370719698258,0.295311680448017,0.0535684439273819,0,0.244041791534327,0.19901138393143,0.129975522926522,0.299420784012995,0.197715595728148,0.119500217992103,0.310507264857184,0.5,0.386066666666667,-0.201458908036445,0.5,1,Inf,0.5,0.8646,0.805196566848508,0.5,0.1354,-0.805196566848508,0.25,0.132266666666667,-0.33981461739098,0.25,0.00313333333333333,-2.02550922065651,0.25,0.2538,0.00875762777353812,0.25,0.6108,0.672847451507732,0.25,0.132266666666667,-0.33981461739098,0.25,0.00313333333333333,-2.02550922065651,-0.33981461739098,"effect",1.68569460326553,"inconclusive_clean_evidence",FALSE,TRUE,0,TRUE,TRUE,TRUE,"ok","sidecar_v4.0","rigor_selected_v1","7011227781d12d21","4.0.0","20260515T184052_kordvarkaneh2020_fasting_systolic_blood_pressure",0.52,0.394934979785098,0.0806348614629483,0,0.189423147920151,0.0535684439273819,0.135854703992769,-71.7202229423602,TRUE,FALSE,TRUE,FALSE,"inconclusive","strong_positive","moderate_positive","moderate_negative","Effect",1.68569460326553,2,0.5,TRUE
"nutrition_v4","nutrition_domain","fasting","fasting","meng2020","meng2020",2020,"hdl_cholesterol_excl","meng2020_fasting_hdl_cholesterol_excl","nutrition_v4__fasting__meng2020__hdl_cholesterol__excl","exclusion_sensitivity","meng2020_fasting_hdl_cholesterol","unspecified__see_data_dictionary",34,TRUE,0.0169736209506519,-0.187477659886384,0.215620524174954,0.00120887115263119,-0.0778798446073512,0.0970303026302374,0.496688008108388,0.362632845524995,0.663933142482191,0.488563681133867,0.357920584734347,0.652569726334725,0.5,0.126266666666667,-0.840090188952865,0.5,1,Inf,0.5,0.1422,-0.780486445509307,0.5,0.8578,0.780486445509307,0.25,0.106233333333333,-0.44784208999149,0.25,0.751566666666667,0.95787889832336,0.25,0.0200333333333333,-1.21233683151737,0.25,0.122166666666667,-0.379338088996691,0.25,0.106233333333333,-0.44784208999149,0.25,0.751566666666667,0.95787889832336,0.95787889832336,"no_effect",1.40572098831485,"clean_no_effect_supported",FALSE,TRUE,0,TRUE,TRUE,TRUE,"ok","sidecar_v4.0","rigor_selected_v1","7011227781d12d21","4.0.0","20260515T184103_meng2020_fasting_hdl_cholesterol_excl",0.24,0.280830618363464,0.1347823835391,0,0.0169736209506519,0.00120887115263119,0.0157647497980207,-92.8779418596315,TRUE,FALSE,TRUE,FALSE,"moderate_negative","strong_positive","moderate_negative","moderate_positive","No effect",1.40572098831485,4,0.25,TRUE
"nutrition_v4","nutrition_domain","fasting","fasting","meng2020","meng2020",2020,"ldl_cholesterol","meng2020_fasting_ldl_cholesterol","nutrition_v4__fasting__meng2020__ldl_cholesterol__main","main",NA,NA,34,FALSE,0.447124078669174,0.2666252591674,0.63089040026255,0.031409109358756,-0.305641588984627,0.470079923055852,0.411687244873484,0.265589092596192,0.588273966823067,0.531827682424317,0.305166765977502,0.765214391722311,0.5,0.305466666666667,-0.3567292682433,0.5,0.999866666666667,3.87500335360009,0.5,0.945666666666667,1.24067173139189,0.5,0.0543333333333333,-1.24067173139189,0.25,0.0543,-0.763832304727778,0.25,3.33333333333333e-05,-3.99998552327599,0.25,0.251166666666667,0.00269808844126882,0.25,0.6945,0.833782290214724,0.25,0.0543,-0.763832304727778,0.25,3.33333333333333e-05,-3.99998552327599,-0.763832304727778,"effect",3.23615321854821,"clean_evidence_disfavored",FALSE,TRUE,0,TRUE,TRUE,TRUE,"ok","sidecar_v4.0","rigor_selected_v1","7011227781d12d21","4.0.0","20260515T184116_meng2020_fasting_ldl_cholesterol",0.18,0.319719915398065,0.111986189669762,30.8709145660871,0.447124078669174,0.031409109358756,0.415714969310418,-92.9753035326922,TRUE,FALSE,TRUE,TRUE,"inconclusive","strong_positive","strong_positive","strong_negative","Effect",3.23615321854821,4,0.25,TRUE
"nutrition_v4","nutrition_domain","fasting","fasting","meng2020","meng2020",2020,"total_cholesterol","meng2020_fasting_total_cholesterol","nutrition_v4__fasting__meng2020__total_cholesterol__main","main",NA,NA,33,FALSE,0.474731477563947,0.255115256713049,0.692672730668286,0.262187600302848,-0.0492111157589035,0.652317561099594,0.538650332374539,0.386120653501077,0.730017797134254,0.549957067874814,0.38639793526687,0.764756085673058,0.5,0.6676,0.302855312895136,0.5,1,Inf,0.5,0.562233333333333,0.108673900666785,0.5,0.437766666666667,-0.108673900666785,0.25,0.437,0.367094296838738,0.25,0.000766666666666667,-2.63793907718002,0.25,0.2306,-0.046171624292454,0.25,0.331633333333333,0.172764648596548,0.25,0.437,0.367094296838738,0.25,0.000766666666666667,-2.63793907718002,0.367094296838738,"effect",3.00503337401876,"inconclusive_clean_evidence",FALSE,TRUE,0,TRUE,TRUE,TRUE,"ok","sidecar_v4.0","rigor_selected_v1","7011227781d12d21","4.0.0","20260515T184124_meng2020_fasting_total_cholesterol",0.27,0.382015691794209,0.0851417640799392,0,0.474731477563947,0.262187600302848,0.212543877261099,-44.771389154929,FALSE,FALSE,TRUE,TRUE,"inconclusive","strong_positive","inconclusive","inconclusive","Effect",3.00503337401876,4,0.25,TRUE
"nutrition_v4","nutrition_domain","fasting","fasting","meng2020","meng2020",2020,"triglycerides","meng2020_fasting_triglycerides","nutrition_v4__fasting__meng2020__triglycerides__main","main",NA,NA,33,FALSE,0.253854544766007,0.088860370548515,0.423062846523977,0.071672267892091,-0.10545808921451,0.36144129729823,0.345084205260424,0.188537385336963,0.523793269278984,0.342675618138244,0.177746042626203,0.530368478048147,0.5,0.410866666666667,-0.1565126872628,0.5,0.997133333333333,2.54137603807587,0.5,0.7429,0.460828281705835,0.5,0.2571,-0.460828281705835,0.25,0.2325,-0.0415341722035889,0.25,0.0246,-1.12112638943251,0.25,0.178366666666667,-0.18624309912455,0.25,0.564533333333333,0.589855928002406,0.25,0.2325,-0.0415341722035889,0.25,0.0246,-1.12112638943251,-0.0415341722035889,"effect",1.07959221722892,"inconclusive_clean_evidence",FALSE,TRUE,0,TRUE,TRUE,TRUE,"ok","sidecar_v4.0","rigor_selected_v1","7011227781d12d21","4.0.0","20260515T184136_meng2020_fasting_triglycerides",0.24,0.19938081939371,0.211343574797444,0,0.253854544766007,0.071672267892091,0.182182276873916,-71.7664034897797,TRUE,FALSE,TRUE,TRUE,"inconclusive","strong_positive","inconclusive","inconclusive","Effect",1.07959221722892,4,0.25,TRUE
"nutrition_v4","nutrition_domain","fasting","fasting","vieira2016","vieira2016",2016,"fat_oxidation","vieira2016_fasting_fat_oxidation","nutrition_v4__fasting__vieira2016__fat_oxidation__main","main",NA,NA,13,FALSE,0.524249408414265,0.342072180411121,0.70285375192045,0.414278350567839,0,0.677370425263441,0.118109889311431,0.00486015333540306,0.336095093957738,0.0405109158155585,0,0.281786010601533,0.5,0.863733333333333,0.801990047875464,0.5,0.317433333333333,-0.332492545957994,0.5,0.416433333333333,-0.146544991769377,0.5,0.583566666666667,0.146544991769377,0.25,0.583533333333333,0.623606677241131,0.25,3.33333333333333e-05,-3.99998552327599,0.25,0.2802,0.0673775433525259,0.25,0.136233333333333,-0.32499180260876,0.25,0.583533333333333,0.623606677241131,0.25,3.33333333333333e-05,-3.99998552327599,0.623606677241131,"effect",4.62359220051712,"clean_effect_supported",FALSE,TRUE,0,TRUE,TRUE,TRUE,"ok","sidecar_v4.0","rigor_selected_v1","7011227781d12d21","4.0.0","20260515T184155_vieira2016_fasting_fat_oxidation",0.38,0.366161084375958,0.0911072868402995,0,0.524249408414265,0.414278350567839,0.109971057846426,-20.9768587396338,FALSE,FALSE,TRUE,TRUE,"moderate_positive","inconclusive","inconclusive","inconclusive","Effect",4.62359220051712,3,0.333333333333333,TRUE
"nutrition_v4","nutrition_domain","fasting","fasting","vieira2016","vieira2016",2016,"serum_glucose","vieira2016_fasting_serum_glucose","nutrition_v4__fasting__vieira2016__serum_glucose__main","main",NA,NA,24,FALSE,0.521179778855074,0.158491380125836,0.880823167487616,0.173050491697871,-0.579339342988738,0.782696833996606,0.865569179732809,0.659901093513474,1.12266914209588,0.86045276979908,0.647922426716367,1.12392989315786,0.5,0.576966666666667,0.134776133816062,0.5,1,Inf,0.5,0.670333333333333,0.308215778999563,0.5,0.329666666666667,-0.308215778999563,0.25,0.3079,0.125362094382105,0.25,0.0217666666666667,-1.17552927606123,0.25,0.269066666666667,0.0431033854170746,0.25,0.401266666666667,0.303320901655267,0.25,0.3079,0.125362094382105,0.25,0.0217666666666667,-1.17552927606123,0.125362094382105,"effect",1.30089137044333,"inconclusive_clean_evidence",FALSE,TRUE,0,TRUE,TRUE,TRUE,"ok","sidecar_v4.0","rigor_selected_v1","7011227781d12d21","4.0.0","20260515T184157_vieira2016_fasting_serum_glucose",0.29,0.543323044100015,0.0442381924066093,0,0.521179778855074,0.173050491697871,0.348129287157203,-66.7963918174209,TRUE,FALSE,TRUE,TRUE,"inconclusive","strong_positive","inconclusive","inconclusive","Effect",1.30089137044333,3,0.333333333333333,TRUE
"nutrition_v4","nutrition_domain","fasting","fasting","vieira2016","vieira2016",2016,"serum_insulin","vieira2016_fasting_serum_insulin","nutrition_v4__fasting__vieira2016__serum_insulin__main","main",NA,NA,17,FALSE,0.989746400425148,0.673186398929977,1.29103654678674,0.366592961568039,-0.608730421201316,1.17604074139615,0.562721648689909,0.360560046554846,0.822798658551971,0.565903246962107,0.33587579956433,0.902671409530414,0.5,0.659033333333333,0.28619545749816,0.5,1,Inf,0.5,0.8248,0.672814550443398,0.5,0.1752,-0.672814550443398,0.25,0.1752,-0.195693295723736,0.25,0,-Inf,0.25,0.483833333333333,0.449027085194549,0.25,0.340966666666667,0.190925797221503,0.25,0.1752,-0.195693295723736,0.25,0,-Inf,-0.195693295723736,"effect",Inf,"inconclusive_clean_evidence",FALSE,TRUE,0,TRUE,TRUE,TRUE,"ok","sidecar_v4.0","rigor_selected_v1","7011227781d12d21","4.0.0","20260515T184210_vieira2016_fasting_serum_insulin",0.76,0.482379602650448,0.0564766393295248,0,0.989746400425148,0.366592961568039,0.623153438857109,-62.9609199477191,TRUE,FALSE,TRUE,TRUE,"inconclusive","strong_positive","moderate_positive","moderate_negative","Effect",Inf,3,0.333333333333333,TRUE
"nutrition_v4","nutrition_domain","fasting","fasting","wang2020","wang2020",2020,"c_reactive_protein_excl","wang2020_fasting_c_reactive_protein_excl","nutrition_v4__fasting__wang2020__c_reactive_protein__excl","exclusion_sensitivity","wang2020_fasting_c_reactive_protein","unspecified__see_data_dictionary",16,TRUE,0.134838091534879,-0.0821193911526175,0.333541080769536,0.0344302276715174,-0.02283910717706,0.263793435848515,0.247484691557737,0.0457098791765423,0.477389696811697,0.248019601667469,0,0.480646280857713,0.5,0.275,-0.421005312740731,0.5,0.919666666666667,1.05873465790432,0.5,0.267466666666667,-0.437557726400144,0.5,0.732533333333333,0.437557726400144,0.25,0.2192,-0.0745780001266414,0.25,0.513333333333333,0.500289119771688,0.25,0.0558,-0.751308542437995,0.25,0.211666666666667,-0.0939361650621923,0.25,0.2192,-0.0745780001266414,0.25,0.513333333333333,0.500289119771688,0.500289119771688,"no_effect",0.57486711989833,"clean_no_effect_supported",FALSE,TRUE,0,TRUE,TRUE,TRUE,"ok","sidecar_v4.0","rigor_selected_v1","7011227781d12d21","4.0.0","20260516T154822_wang2020_fasting_c_reactive_protein_excl",0.12,0.141156917752226,0.320227079426111,0,0.134838091534879,0.0344302276715174,0.100407863863362,-74.4655035683212,TRUE,FALSE,TRUE,FALSE,"inconclusive","strong_positive","inconclusive","inconclusive","No effect",0.574867119898329,1,1,TRUE
"nutrition_v4","nutrition_domain","fasting","fasting","xie2024","xie2024",2024,"body_fat_excl","xie2024_fasting_body_fat_excl","nutrition_v4__fasting__xie2024__body_fat__excl","exclusion_sensitivity","xie2024_fasting_body_fat","unspecified__see_data_dictionary",17,TRUE,0.357637538814825,0.198903530425278,0.520701324705591,0.0761069108742262,-0.318214197722364,0.433384629621985,0.180693392514516,0.0122850334351187,0.397234917659079,0.269459529610384,0,0.576821289517222,0.5,0.439366666666667,-0.105851810539624,0.5,0.830833333333333,0.691199120398443,0.5,0.841466666666667,0.724916325556084,0.5,0.158533333333333,-0.724916325556084,0.25,0.158,-0.249533749825565,0.25,0.000533333333333333,-2.7956483318321,0.25,0.281366666666667,0.0698865424706538,0.25,0.5601,0.58203286541154,0.25,0.158,-0.249533749825565,0.25,0.000533333333333333,-2.7956483318321,-0.249533749825565,"effect",2.54611458200653,"inconclusive_clean_evidence",FALSE,TRUE,0,TRUE,TRUE,TRUE,"ok","sidecar_v4.0","rigor_selected_v1","7011227781d12d21","4.0.0","20260515T184227_xie2024_fasting_body_fat_excl",0.24,0.243399756428386,0.163603555065655,17.9096739800926,0.357637538814825,0.0761069108742262,0.281530627940599,-78.7195407041339,TRUE,FALSE,TRUE,TRUE,"inconclusive","moderate_positive","moderate_positive","moderate_negative","Effect",2.54611458200653,2,0.5,TRUE
"nutrition_v4","nutrition_domain","fasting","fasting","xie2024","xie2024",2024,"lean_mass","xie2024_fasting_lean_mass","nutrition_v4__fasting__xie2024__lean_mass__main","main",NA,NA,15,FALSE,0.320430553857112,0.0820124221506053,0.564092971061831,0.12169491015798,-0.144529430168465,0.495079527189226,0.364192547109672,0.154236892514431,0.612996369306609,0.354287804777672,0,0.624366345056491,0.5,0.512366666666667,0.0214874826547719,0.5,0.965733333333333,1.44998536186942,0.5,0.623666666666667,0.219379845575042,0.5,0.376333333333333,-0.219379845575042,0.25,0.315533333333333,0.140814197165582,0.25,0.0608,-0.711733249911142,0.25,0.196833333333333,-0.133585773968031,0.25,0.426833333333333,0.349098657366079,0.25,0.315533333333333,0.140814197165582,0.25,0.0608,-0.711733249911142,0.140814197165582,"effect",0.852547447076724,"inconclusive_clean_evidence",FALSE,TRUE,0,TRUE,TRUE,TRUE,"ok","sidecar_v4.0","rigor_selected_v1","7011227781d12d21","4.0.0","20260515T184239_xie2024_fasting_lean_mass",0.2,0.286032481221427,0.13137402322375,0,0.320430553857112,0.12169491015798,0.198735643699132,-62.0214399990561,TRUE,FALSE,TRUE,TRUE,"inconclusive","strong_positive","inconclusive","inconclusive","Effect",0.852547447076724,2,0.5,TRUE
"nutrition_v4","nutrition_domain","fasting","fasting","yang2021","yang2021",2021,"blood_glucose","yang2021_fasting_blood_glucose","nutrition_v4__fasting__yang2021__blood_glucose__main","main",NA,NA,34,FALSE,0.0944206596321757,-0.0218923695221791,0.214407871841862,0.0122241100218117,0,0.139044772997713,0.20866575031764,0.0532559150690926,0.360670687478812,0.145162872152472,0,0.343987795620737,0.5,0.1761,-0.670115146890415,0.5,0.740166666666667,0.454634657984834,0.5,0.576666666666667,0.134242382172839,0.5,0.423333333333333,-0.134242382172839,0.25,0.104866666666667,-0.45412901157396,0.25,0.318466666666667,0.146698135208474,0.25,0.0712333333333333,-0.638102098065041,0.25,0.505433333333333,0.486560293005924,0.25,0.104866666666667,-0.45412901157396,0.25,0.318466666666667,0.146698135208474,0.146698135208474,"no_effect",0.600827146782434,"inconclusive_clean_evidence",FALSE,TRUE,0,TRUE,TRUE,TRUE,"ok","sidecar_v4.0","rigor_selected_v1","7011227781d12d21","4.0.0","20260515T184254_yang2021_fasting_blood_glucose",0.18,0.105173083202734,0.447796643530502,0,0.0944206596321757,0.0122241100218117,0.082196549610364,-87.0535642629147,TRUE,FALSE,TRUE,FALSE,"moderate_negative","inconclusive","inconclusive","inconclusive","No effect",0.600827146782434,3,0.333333333333333,TRUE
"nutrition_v4","nutrition_domain","fasting","fasting","yang2021","yang2021",2021,"body_weight","yang2021_fasting_body_weight","nutrition_v4__fasting__yang2021__body_weight__main","main",NA,NA,45,FALSE,0.236677528015566,0.143389970553041,0.333782353319706,0.0324597441878727,-0.0571451505916421,0.259584183617247,0.148190262330258,0.0137968700584797,0.290049914064531,0.179312467564646,0,0.360919329035431,0.5,0.2718,-0.428001222201449,0.5,0.8383,0.714689446252316,0.5,0.916633333333333,1.041203209286,0.5,0.0833666666666667,-1.041203209286,0.25,0.0833666666666667,-0.564081954566339,0.25,0,-Inf,0.25,0.188433333333333,-0.157045215567502,0.25,0.7282,0.905122476921112,0.25,0.0833666666666667,-0.564081954566339,0.25,0,-Inf,-0.564081954566339,"effect",Inf,"clean_evidence_disfavored",FALSE,TRUE,0,TRUE,TRUE,TRUE,"ok","sidecar_v4.0","rigor_selected_v1","7011227781d12d21","4.0.0","20260515T184259_yang2021_fasting_body_weight",0.18,0.125470455292287,0.366842305935375,53.2244942895292,0.236677528015566,0.0324597441878727,0.204217783827693,-86.2852445434795,TRUE,FALSE,TRUE,TRUE,"inconclusive","moderate_positive","strong_positive","strong_negative","Effect",Inf,3,0.333333333333333,TRUE
"nutrition_v4","nutrition_domain","fasting","fasting","yang2021","yang2021",2021,"triglycerides","yang2021_fasting_triglycerides","nutrition_v4__fasting__yang2021__triglycerides__main","main",NA,NA,34,FALSE,0.133781468115808,0.0319042986995534,0.241239698980217,-0.000488053885177691,-0.133169642464796,0.126365429303717,0.112722843050502,0.00611759278680859,0.265249540929524,0.0293183856309119,0,0.19952840084715,0.5,0.162266666666667,-0.712876481485874,0.5,0.2956,-0.377114917572451,0.5,0.935233333333333,1.1595684315559,0.5,0.0647666666666667,-1.1595684315559,0.25,0.0438666666666667,-0.861262569832081,0.25,0.0209,-1.19355950973676,0.25,0.1184,-0.394798624401146,0.25,0.816833333333333,1.1264082648088,0.25,0.0438666666666667,-0.861262569832081,0.25,0.0209,-1.19355950973676,-0.861262569832081,"effect",0.332296939904681,"clean_evidence_disfavored",FALSE,TRUE,0,TRUE,TRUE,TRUE,"ok","sidecar_v4.0","rigor_selected_v1","7011227781d12d21","4.0.0","20260515T184309_yang2021_fasting_triglycerides",0.06,0.0500000000000001,1,0,0.133781468115808,0.000488053885177691,0.13329341423063,-100.36481426916,TRUE,TRUE,TRUE,FALSE,"moderate_negative","inconclusive","strong_positive","strong_negative","Effect",0.332296939904679,3,0.333333333333333,TRUE
"nutrition_v4","nutrition_domain","fiber","fiber","chiavaroli2015","chiavaroli2015",2015,"creatinine","chiavaroli2015_fiber_creatinine","nutrition_v4__fiber__chiavaroli2015__creatinine__main","main",NA,NA,12,FALSE,0.296283994345276,-0.0037906634482217,0.605787459751645,0.0605034488265637,-0.365788039086172,0.464424611620073,0.278050192818301,0.0149126428179503,0.647043989593105,0.154318081562408,0,0.591739794742113,0.5,0.4184,-0.143032721991764,0.5,0.5657,0.11479634937818,0.5,0.666366666666667,0.300443829911702,0.5,0.333633333333333,-0.300443829911702,0.25,0.215233333333333,-0.0847097614953932,0.25,0.1184,-0.394798624401146,0.25,0.203166666666667,-0.116393783357745,0.25,0.4632,0.413077298278107,0.25,0.215233333333333,-0.0847097614953932,0.25,0.1184,-0.394798624401146,-0.0847097614953932,"effect",0.310088862905753,"inconclusive_clean_evidence",FALSE,TRUE,0,TRUE,TRUE,TRUE,"ok","sidecar_v4.0","rigor_selected_v1","7011227781d12d21","4.0.0","20260515T184333_chiavaroli2015_fiber_creatinine",0.17,0.0817988614306318,0.590795214330491,0,0.296283994345276,0.0605034488265637,0.235780545518712,-79.5792381696948,TRUE,FALSE,TRUE,TRUE,"inconclusive","inconclusive","inconclusive","inconclusive","Effect",0.310088862905753,2,0.5,TRUE
"nutrition_v4","nutrition_domain","fiber","fiber","chiavaroli2015","chiavaroli2015",2015,"urea","chiavaroli2015_fiber_urea","nutrition_v4__fiber__chiavaroli2015__urea__main","main",NA,NA,13,FALSE,0.548164926073658,0.0562532232492755,1.02967016361082,0.0202840326400968,-0.603630301295909,0.594052465762525,0.809597980789626,0.50824409193651,1.16398597583647,0.722561888137934,0.375387204562757,1.09642289789066,0.5,0.4054,-0.166341160511929,0.5,0.997333333333333,2.57287160220047,0.5,0.972666666666667,1.55127143517372,0.5,0.0273333333333333,-1.55127143517372,0.25,0.0217,-1.17689106495743,0.25,0.00563333333333333,-1.76965985276834,0.25,0.3837,0.271320886187303,0.25,0.588966666666667,0.633334927708576,0.25,0.0217,-1.17689106495743,0.25,0.00563333333333333,-1.76965985276834,-1.17689106495743,"effect",0.59276878781091,"clean_evidence_disfavored",FALSE,TRUE,0,TRUE,TRUE,TRUE,"ok","sidecar_v4.0","rigor_selected_v1","7011227781d12d21","4.0.0","20260515T184344_chiavaroli2015_fiber_urea",0.69,0.301345820586571,0.122023502992149,26.8397466210163,0.548164926073658,0.0202840326400968,0.527880893433561,-96.2996478477043,TRUE,FALSE,TRUE,TRUE,"inconclusive","strong_positive","strong_positive","strong_negative","Effect",0.59276878781091,2,0.5,TRUE
"nutrition_v4","nutrition_domain","fiber","fiber","gupta2025","gupta2025",2025,"hdl_cholesterol","gupta2025_fiber_hdl_cholesterol","nutrition_v4__fiber__gupta2025__hdl_cholesterol__main","main",NA,NA,34,FALSE,0.311129501406727,0.0848193844005792,0.535171942046821,0.174747251743196,-0.00347696890804404,0.500596748656573,0.616807985206642,0.477505829239563,0.794502150806589,0.627070695449546,0.480487253978027,0.806905863424519,0.5,0.627233333333333,0.225992060011049,0.5,1,Inf,0.5,0.436633333333333,-0.110674259611928,0.5,0.563366666666667,0.110674259611928,0.25,0.4848,0.450708011526137,0.25,0.0785666666666667,-0.592104336506815,0.25,0.142433333333333,-0.302534998976374,0.25,0.2942,0.0970822690872234,0.25,0.4848,0.450708011526137,0.25,0.0785666666666667,-0.592104336506815,0.450708011526137,"effect",1.04281234803295,"inconclusive_clean_evidence",FALSE,TRUE,0,TRUE,TRUE,TRUE,"ok","sidecar_v4.0","rigor_selected_v1","7011227781d12d21","4.0.0","20260515T184346_gupta2025_fiber_hdl_cholesterol",0.29,0.489532262149536,0.0548824359950228,0,0.311129501406727,0.174747251743196,0.136382249663531,-43.8345605437281,FALSE,FALSE,TRUE,TRUE,"inconclusive","strong_positive","inconclusive","inconclusive","Effect",1.04281234803295,4,0.25,TRUE
"nutrition_v4","nutrition_domain","fiber","fiber","gupta2025","gupta2025",2025,"ldl_cholesterol","gupta2025_fiber_ldl_cholesterol","nutrition_v4__fiber__gupta2025__ldl_cholesterol__main","main",NA,NA,31,FALSE,0.386338821420019,0.224047622128243,0.544632867131469,0.340633042496928,0,0.537995447911567,0.366215416142983,0.240683728030818,0.520297230943193,0.372861691593129,0.243324774852765,0.534167586604667,0.5,0.921533333333333,1.0698258451769,0.5,1,Inf,0.5,0.2593,-0.455839827882243,0.5,0.7407,0.455839827882243,0.25,0.739766666666667,0.93085308850998,0.25,0.000933333333333333,-2.55243643786418,0.25,0.181766666666667,-0.176241670200849,0.25,0.0775333333333333,-0.598340971490938,0.25,0.739766666666667,0.93085308850998,0.25,0.000933333333333333,-2.55243643786418,0.93085308850998,"effect",3.48328952637416,"clean_effect_supported",FALSE,TRUE,0,TRUE,TRUE,TRUE,"ok","sidecar_v4.0","rigor_selected_v1","7011227781d12d21","4.0.0","20260515T184403_gupta2025_fiber_ldl_cholesterol",0.35,0.419198609575176,0.0729212681880452,0,0.386338821420019,0.340633042496928,0.045705778923091,-11.8304908512936,FALSE,FALSE,TRUE,TRUE,"strong_positive","strong_positive","inconclusive","inconclusive","Effect",3.48328952637416,4,0.25,TRUE
"nutrition_v4","nutrition_domain","fiber","fiber","gupta2025","gupta2025",2025,"total_cholesterol_excl","gupta2025_fiber_total_cholesterol_excl","nutrition_v4__fiber__gupta2025__total_cholesterol__excl","exclusion_sensitivity","gupta2025_fiber_total_cholesterol","unspecified__see_data_dictionary",35,TRUE,0.361822464188378,0.24011280178201,0.483034766673415,0.297777675621176,0,0.471994170163714,0.255627024821824,0.131613688693413,0.391924135862545,0.261682288036245,0.106279328311102,0.42499606546845,0.5,0.889833333333333,0.907258461372269,0.5,0.9854,1.82925970215445,0.5,0.364933333333333,-0.240605784101467,0.5,0.635066666666667,0.240605784101467,0.25,0.635033333333333,0.717664575975083,0.25,3.33333333333333e-05,-3.99998552327599,0.25,0.2548,0.0110478321587704,0.25,0.110133333333333,-0.430284900278729,0.25,0.635033333333333,0.717664575975083,0.25,3.33333333333333e-05,-3.99998552327599,0.717664575975083,"effect",4.71765009925107,"clean_effect_supported",FALSE,TRUE,0,TRUE,TRUE,TRUE,"ok","sidecar_v4.0","rigor_selected_v1","7011227781d12d21","4.0.0","20260515T184417_gupta2025_fiber_total_cholesterol_excl",0.37,0.35155707615877,0.0970783331760481,0,0.361822464188378,0.297777675621176,0.064044788567202,-17.7006114617189,FALSE,FALSE,TRUE,TRUE,"moderate_positive","strong_positive","inconclusive","inconclusive","Effect",4.71765009925107,4,0.25,TRUE
"nutrition_v4","nutrition_domain","fiber","fiber","gupta2025","gupta2025",2025,"triglycerides_excl","gupta2025_fiber_triglycerides_excl","nutrition_v4__fiber__gupta2025__triglycerides__excl","exclusion_sensitivity","gupta2025_fiber_triglycerides","unspecified__see_data_dictionary",35,TRUE,0.331260805492803,0.0330101856478902,0.627954222791127,0.149611133133626,-0.0683564129056948,0.567763576662321,0.876208185857422,0.700825881876541,1.09054121090409,0.888852393897247,0.711199929258468,1.10662403353635,0.5,0.527333333333333,0.04753024831461,0.5,1,Inf,0.5,0.432533333333333,-0.117920773747873,0.5,0.567466666666667,0.117920773747873,0.25,0.395866666666667,0.293537390136521,0.25,0.1716,-0.206601551989066,0.25,0.131466666666667,-0.342849584567981,0.25,0.301066666666667,0.11134817569803,0.25,0.395866666666667,0.293537390136521,0.25,0.1716,-0.206601551989066,0.293537390136521,"effect",0.500138942125587,"inconclusive_clean_evidence",FALSE,TRUE,0,TRUE,TRUE,TRUE,"ok","sidecar_v4.0","rigor_selected_v1","7011227781d12d21","4.0.0","20260515T184417_gupta2025_fiber_triglycerides_excl",0.26,0.597828286459112,0.0354063746838142,0,0.331260805492803,0.149611133133626,0.181649672359177,-54.8358481737507,TRUE,FALSE,TRUE,TRUE,"inconclusive","strong_positive","inconclusive","inconclusive","Effect",0.500138942125587,4,0.25,TRUE
"nutrition_v4","nutrition_domain","fiber","fiber","jovanovski2019","jovanovski2019",2019,"fasting_glucose","jovanovski2019_fiber_fasting_glucose","nutrition_v4__fiber__jovanovski2019__fasting_glucose__main","main",NA,NA,27,FALSE,0.509204974354105,0.1537890454396,0.860238784168936,0.31374858199484,-0.0331825287939438,0.817099051218517,0.910896397034171,0.707922206428748,1.16389965605478,0.925816930493078,0.718875478106623,1.18292522415701,0.5,0.7068,0.382132574865636,0.5,1,Inf,0.5,0.463033333333333,-0.0643350702005779,0.5,0.536966666666667,0.0643350702005779,0.25,0.492666666666667,0.464381036343915,0.25,0.0443,-0.856796605066024,0.25,0.214133333333333,-0.0875433358515818,0.25,0.2489,-0.00255161065195223,0.25,0.492666666666667,0.464381036343915,0.25,0.0443,-0.856796605066024,0.464381036343915,"effect",1.32117764140994,"inconclusive_clean_evidence",FALSE,TRUE,0,TRUE,TRUE,TRUE,"ok","sidecar_v4.0","rigor_selected_v1","7011227781d12d21","4.0.0","20260515T184435_jovanovski2019_fiber_fasting_glucose",0.44,0.565082985019048,0.0405079781568798,0,0.509204974354105,0.31374858199484,0.195456392359265,-38.3846195939443,FALSE,FALSE,TRUE,TRUE,"inconclusive","strong_positive","inconclusive","inconclusive","Effect",1.32117764140994,3,0.333333333333333,TRUE
"nutrition_v4","nutrition_domain","fiber","fiber","jovanovski2019","jovanovski2019",2019,"hba1c","jovanovski2019_fiber_hba1c","nutrition_v4__fiber__jovanovski2019__hba1c__main","main",NA,NA,19,FALSE,0.63556578937061,0.290872846585751,0.968370369449464,0.51278460217575,0,0.937667173098984,0.688286098522781,0.490266490190218,0.945244415971597,0.700255889216468,0.498553158031472,0.959344285767313,0.5,0.876133333333333,0.849615753196874,0.5,1,Inf,0.5,0.351533333333333,-0.265921144544018,0.5,0.648466666666667,0.265921144544018,0.25,0.6413,0.729451117960935,0.25,0.00716666666666667,-1.6644378897996,0.25,0.234833333333333,-0.035875044937002,0.25,0.1167,-0.401916119671873,0.25,0.6413,0.729451117960935,0.25,0.00716666666666667,-1.6644378897996,0.729451117960935,"effect",2.39388900776053,"clean_effect_supported",FALSE,TRUE,0,TRUE,TRUE,TRUE,"ok","sidecar_v4.0","rigor_selected_v1","7011227781d12d21","4.0.0","20260515T184449_jovanovski2019_fiber_hba1c",0.42,0.560194414332664,0.0413207661975323,0,0.63556578937061,0.51278460217575,0.12278118719486,-19.3184071969085,FALSE,FALSE,TRUE,TRUE,"moderate_positive","strong_positive","inconclusive","inconclusive","Effect",2.39388900776054,3,0.333333333333333,TRUE
"nutrition_v4","nutrition_domain","fiber","fiber","jovanovski2019","jovanovski2019",2019,"homa_ir_excl","jovanovski2019_fiber_homa_ir_excl","nutrition_v4__fiber__jovanovski2019__homa_ir__excl","exclusion_sensitivity","jovanovski2019_fiber_homa_ir","unspecified__see_data_dictionary",9,TRUE,0.355692884366556,0.0943524855248437,0.62615917966313,0.167855522641722,-0.0496800909743708,0.526959930136576,0.237680961081528,0.0141102472904638,0.555815291062937,0.152521123005371,0,0.541666396272958,0.5,0.591,0.159864172873913,0.5,0.5936,0.164540192995108,0.5,0.614466666666667,0.202436395186309,0.5,0.385533333333333,-0.202436395186309,0.25,0.3514,0.210946067541985,0.25,0.0341333333333333,-0.974617221610509,0.25,0.2396,-0.0244340397564693,0.25,0.374866666666667,0.255025422221043,0.25,0.3514,0.210946067541985,0.25,0.0341333333333333,-0.974617221610509,0.210946067541985,"effect",1.18556328915249,"inconclusive_clean_evidence",FALSE,TRUE,0,TRUE,TRUE,TRUE,"ok","sidecar_v4.0","rigor_selected_v1","7011227781d12d21","4.0.0","20260515T184451_jovanovski2019_fiber_homa_ir_excl",0.22,0.184023391776709,0.233373252560409,0,0.355692884366556,0.167855522641722,0.187837361724834,-52.808861234137,TRUE,FALSE,TRUE,TRUE,"inconclusive","inconclusive","inconclusive","inconclusive","Effect",1.18556328915249,3,0.333333333333333,TRUE
"nutrition_v4","nutrition_domain","fiber","fiber","khan2018","khan2018",2018,"diastolic_bp","khan2018_fiber_diastolic_bp","nutrition_v4__fiber__khan2018__diastolic_bp__main","main",NA,NA,23,FALSE,0.0769380445733482,-0.103334000779646,0.24308260558859,-0.0124148860645545,-0.301640955613255,0.134239661659432,0.314975966288942,0.135011775717755,0.516685527171621,0.315764468256798,0.140775244447813,0.512931187816901,0.5,0.206666666666667,-0.584185267558258,0.5,0.9928,2.13952927205941,0.5,0.443633333333333,-0.0983369320772576,0.5,0.556366666666667,0.0983369320772576,0.25,0.0902666666666667,-0.526265447875099,0.25,0.4661,0.418140436794339,0.25,0.1164,-0.403181472165865,0.25,0.327233333333333,0.164114325507574,0.25,0.0902666666666667,-0.526265447875099,0.25,0.4661,0.418140436794339,0.418140436794339,"no_effect",0.944405884669439,"inconclusive_clean_evidence",FALSE,TRUE,0,TRUE,TRUE,TRUE,"ok","sidecar_v4.0","rigor_selected_v1","7011227781d12d21","4.0.0","20260515T184504_khan2018_fiber_diastolic_bp",0.17,0.247592120120073,0.15994214481683,0,0.0769380445733482,0.0124148860645545,0.0645231585087937,-116.136212108587,TRUE,TRUE,TRUE,FALSE,"moderate_negative","strong_positive","inconclusive","inconclusive","No effect",0.944405884669438,2,0.5,TRUE
"nutrition_v4","nutrition_domain","fiber","fiber","khan2018","khan2018",2018,"systolic_bp","khan2018_fiber_systolic_bp","nutrition_v4__fiber__khan2018__systolic_bp__main","main",NA,NA,24,FALSE,0.193131660386892,0.0289026332722498,0.35717319019447,0.0531722643491682,-0.0113756891623059,0.271151627835557,0.301049740762162,0.0955678634527541,0.519733183904838,0.23542531772816,0,0.506920530427062,0.5,0.4083,-0.161122189354015,0.5,0.8285,0.684028388376566,0.5,0.792766666666667,0.582685768501946,0.5,0.207233333333333,-0.582685768501946,0.25,0.1341,-0.332917707072116,0.25,0.0731333333333333,-0.625780640468139,0.25,0.2742,0.0543717413086186,0.25,0.518566666666667,0.509389695183394,0.25,0.1341,-0.332917707072116,0.25,0.0731333333333333,-0.625780640468139,-0.332917707072116,"effect",0.292862933396023,"inconclusive_clean_evidence",FALSE,TRUE,0,TRUE,TRUE,TRUE,"ok","sidecar_v4.0","rigor_selected_v1","7011227781d12d21","4.0.0","20260515T184517_khan2018_fiber_systolic_bp",0.38,0.207014618772157,0.20160930646132,0,0.193131660386892,0.0531722643491682,0.139959396037724,-72.4683854306173,TRUE,FALSE,TRUE,FALSE,"inconclusive","moderate_positive","moderate_positive","moderate_negative","Effect",0.292862933396023,2,0.5,TRUE
"nutrition_v4","nutrition_domain","fiber","fiber","post2012","post2012",2012,"fasting_glucose","post2012_fiber_fasting_glucose","nutrition_v4__fiber__post2012__fasting_glucose__main","main",NA,NA,13,FALSE,0.444610736027703,0.232577364482869,0.650593680708039,0.386437547795003,0,0.632081093513022,0.126143848555629,0.00518150530114454,0.357015567047468,0.0479630665172185,0,0.323333796953593,0.5,0.910833333333333,1.00923638426449,0.5,0.3355,-0.29680246077374,0.5,0.3078,-0.351962979462649,0.5,0.6922,0.351962979462649,0.25,0.690566666666667,0.825759770311769,0.25,0.00163333333333333,-2.30909399238556,0.25,0.220266666666667,-0.0718760662457782,0.25,0.0875333333333333,-0.540922286446671,0.25,0.690566666666667,0.825759770311769,0.25,0.00163333333333333,-2.30909399238556,0.825759770311769,"effect",3.13485376269733,"clean_effect_supported",FALSE,TRUE,0,TRUE,TRUE,TRUE,"ok","sidecar_v4.0","rigor_selected_v1","7011227781d12d21","4.0.0","20260515T184519_post2012_fiber_fasting_glucose",0.23,0.228032098569224,0.178176185742989,0,0.444610736027703,0.386437547795003,0.0581731882327,-13.0840718675483,FALSE,FALSE,TRUE,TRUE,"strong_positive","inconclusive","inconclusive","inconclusive","Effect",3.13485376269733,2,0.5,TRUE
"nutrition_v4","nutrition_domain","fiber","fiber","post2012","post2012",2012,"hba1c","post2012_fiber_hba1c","nutrition_v4__fiber__post2012__hba1c__main","main",NA,NA,10,FALSE,0.290879531610341,0.0336646845285898,0.541586966603098,0.107427555811718,-0.0694682041721444,0.453613633976949,0.18573275688572,0.00873587748024598,0.479170228155111,0.0883332720203788,0,0.434640250938227,0.5,0.479766666666667,-0.0351681049817742,0.5,0.450933333333333,-0.0855127390202897,0.5,0.650666666666667,0.270118530682965,0.5,0.349333333333333,-0.270118530682965,0.25,0.268866666666667,0.0426616332574002,0.25,0.0804666666666667,-0.580830211391166,0.25,0.2109,-0.0959342089229455,0.25,0.439766666666667,0.371974617086403,0.25,0.268866666666667,0.0426616332574002,0.25,0.0804666666666667,-0.580830211391166,0.0426616332574002,"effect",0.623491844648566,"inconclusive_clean_evidence",FALSE,TRUE,0,TRUE,TRUE,TRUE,"ok","sidecar_v4.0","rigor_selected_v1","7011227781d12d21","4.0.0","20260515T184537_post2012_fiber_hba1c",0.2,0.0817731889497273,0.59099722026874,0,0.290879531610341,0.107427555811718,0.183451975798623,-63.0680250284414,TRUE,FALSE,TRUE,TRUE,"inconclusive","inconclusive","inconclusive","inconclusive","Effect",0.623491844648566,2,0.5,TRUE
"nutrition_v4","nutrition_domain","fiber","fiber","silva2013","silva2013",2013,"fasting_glucose","silva2013_fiber_fasting_glucose","nutrition_v4__fiber__silva2013__fasting_glucose__main","main",NA,NA,10,FALSE,0.400816765833608,-0.168065931032982,0.964250243477632,0.146781727519066,-0.219602092653941,0.818000938147558,0.9236451931912,0.660017266597423,1.26161903977484,0.928423354509733,0.664811709938156,1.258783410548,0.5,0.457733333333333,-0.0736003689788375,0.5,1,Inf,0.5,0.445,-0.0959329721417446,0.5,0.555,0.0959329721417446,0.25,0.295366666666667,0.0995195525224911,0.25,0.259633333333333,0.0220348464445134,0.25,0.162366666666667,-0.235435822043957,0.25,0.282633333333333,0.0726034424886985,0.25,0.295366666666667,0.0995195525224911,0.25,0.259633333333333,0.0220348464445134,0.0995195525224911,"effect",0.0774847060779777,"inconclusive_clean_evidence",FALSE,TRUE,0,TRUE,TRUE,TRUE,"ok","sidecar_v4.0","rigor_selected_v1","7011227781d12d21","4.0.0","20260515T184548_silva2013_fiber_fasting_glucose",0.4,0.56752935442381,0.040106494541514,0,0.400816765833608,0.146781727519066,0.254035038314542,-63.3793443710386,TRUE,FALSE,TRUE,TRUE,"inconclusive","strong_positive","inconclusive","inconclusive","Effect",0.0774847060779777,2,0.5,TRUE
"nutrition_v4","nutrition_domain","fiber","fiber","silva2013","silva2013",2013,"hba1c","silva2013_fiber_hba1c","nutrition_v4__fiber__silva2013__hba1c__main","main",NA,NA,13,FALSE,0.368646825714686,-0.0971438285208713,0.819660769793642,0.157771955054764,-0.113665120619778,0.724165850603257,0.808682447852267,0.571881586591876,1.11315766294306,0.824663431799373,0.585720174372319,1.12432357909162,0.5,0.4882,-0.0205025064699968,0.5,1,Inf,0.5,0.382233333333333,-0.208495913232357,0.5,0.617766666666667,0.208495913232357,0.25,0.342033333333333,0.19298579528695,0.25,0.275733333333333,0.0577120278691221,0.25,0.146166666666667,-0.289403507790638,0.25,0.236066666666667,-0.0328995379484247,0.25,0.342033333333333,0.19298579528695,0.25,0.275733333333333,0.0577120278691221,0.19298579528695,"effect",0.135273767417828,"inconclusive_clean_evidence",FALSE,TRUE,0,TRUE,TRUE,TRUE,"ok","sidecar_v4.0","rigor_selected_v1","7011227781d12d21","4.0.0","20260515T184549_silva2013_fiber_hba1c",0.54,0.521735205397071,0.0482463729540415,0,0.368646825714686,0.157771955054764,0.210874870659922,-57.2024105323854,TRUE,FALSE,TRUE,TRUE,"inconclusive","strong_positive","inconclusive","inconclusive","Effect",0.135273767417828,2,0.5,TRUE
"nutrition_v4","nutrition_domain","fiber","fiber","so2018","so2018",2018,"bifidobacterium","so2018_fiber_bifidobacterium","nutrition_v4__fiber__so2018__bifidobacterium__main","main",NA,NA,50,FALSE,0.415724945716168,0.249481679299766,0.582539912985557,0.125298899039339,-0.10340420962203,0.521827069427716,0.534380055279233,0.415219660163072,0.678984708490881,0.597012806797973,0.433505637698566,0.792985831768389,0.5,0.458366666666667,-0.0724923566072367,0.5,1,Inf,0.5,0.789266666666667,0.573490524721048,0.5,0.210733333333333,-0.573490524721048,0.25,0.210733333333333,-0.0963692700013856,0.25,0,-Inf,0.25,0.247633333333333,-0.00549918769576317,0.25,0.541633333333333,0.549613611326899,0.25,0.210733333333333,-0.0963692700013856,0.25,0,-Inf,-0.0963692700013856,"effect",Inf,"inconclusive_clean_evidence",FALSE,TRUE,0,TRUE,TRUE,TRUE,"ok","sidecar_v4.0","rigor_selected_v1","7011227781d12d21","4.0.0","20260515T184606_so2018_fiber_bifidobacterium",0.4,0.481696766724068,0.0566313071375228,28.4328033018633,0.415724945716168,0.125298899039339,0.290426046676829,-69.8601442298616,TRUE,FALSE,TRUE,TRUE,"inconclusive","strong_positive","moderate_positive","moderate_negative","Effect",Inf,2,0.5,TRUE
"nutrition_v4","nutrition_domain","fiber","fiber","so2018","so2018",2018,"lactobacillus","so2018_fiber_lactobacillus","nutrition_v4__fiber__so2018__lactobacillus__main","main",NA,NA,23,FALSE,0.16158143931707,0.00531370713324737,0.321179320923255,0.0449592079796793,-0.011299956128494,0.260842756993084,0.256592747268427,0.103822059767011,0.42884166422829,0.246988906780841,0,0.438723178174208,0.5,0.341533333333333,-0.285100697892264,0.5,0.9463,1.24605455439157,0.5,0.5174,0.0302391068077576,0.5,0.4826,-0.0302391068077576,0.25,0.242266666666667,-0.0181014740170336,0.25,0.240333333333333,-0.0226878057412841,0.25,0.0992666666666667,-0.480671541510194,0.25,0.418133333333333,0.333612566815759,0.25,0.242266666666667,-0.0181014740170336,0.25,0.240333333333333,-0.0226878057412841,-0.0181014740170336,"effect",0.00458633172425047,"inconclusive_clean_evidence",FALSE,TRUE,0,TRUE,TRUE,TRUE,"ok","sidecar_v4.0","rigor_selected_v1","7011227781d12d21","4.0.0","20260515T184614_so2018_fiber_lactobacillus",0.17,0.179447483766499,0.240666370159768,0,0.16158143931707,0.0449592079796793,0.116622231337391,-72.1755121320239,TRUE,FALSE,TRUE,FALSE,"inconclusive","strong_positive","inconclusive","inconclusive","Effect",0.0045863317242505,2,0.5,TRUE
"nutrition_v4","nutrition_domain","fiber","fiber","streppel2005","streppel2005",2005,"diastolic_bp","streppel2005_fiber_diastolic_bp","nutrition_v4__fiber__streppel2005__diastolic_bp__main","main",NA,NA,24,FALSE,0.146501820450527,0.0379972384113894,0.275881741116799,0.00279901333601858,-0.0367281960489861,0.0918273045686967,0.146718884777754,0.0126427202355245,0.327813808421698,0.0271463658869712,0,0.210078880299569,0.5,0.110333333333333,-0.906520580011789,0.5,0.2729,-0.425590608973969,0.5,0.9713,1.5294714920018,0.5,0.0287,-1.5294714920018,0.25,0.02,-1.21307482530885,0.25,0.0087,-1.57956459884004,0.25,0.0903333333333333,-0.525912990075828,0.25,0.880966666666667,1.34641213547176,0.25,0.02,-1.21307482530885,0.25,0.0087,-1.57956459884004,-1.21307482530885,"effect",0.366489773531192,"clean_evidence_disfavored",FALSE,TRUE,0,TRUE,TRUE,TRUE,"ok","sidecar_v4.0","rigor_selected_v1","7011227781d12d21","4.0.0","20260515T184618_streppel2005_fiber_diastolic_bp",0.17,0.0500000000000001,1,0,0.146501820450527,0.00279901333601858,0.143702807114508,-98.0894344333668,TRUE,FALSE,TRUE,FALSE,"moderate_negative","inconclusive","strong_positive","strong_negative","Effect",0.36648977353119,2,0.5,TRUE
"nutrition_v4","nutrition_domain","fiber","fiber","streppel2005","streppel2005",2005,"systolic_bp","streppel2005_fiber_systolic_bp","nutrition_v4__fiber__streppel2005__systolic_bp__main","main",NA,NA,25,FALSE,0.107864182047311,-0.0237809559216364,0.245546406406894,0.0166191116232562,-0.0143593765375618,0.15861222073762,0.219500586058081,0.0263153868100563,0.42727646745915,0.169252472403302,0,0.407555658983396,0.5,0.222466666666667,-0.543454068971041,0.5,0.755366666666667,0.489642183092504,0.5,0.584233333333333,0.147736664318076,0.5,0.415766666666667,-0.147736664318076,0.25,0.140066666666667,-0.311008735629766,0.25,0.2757,0.0576395356247204,0.25,0.0824,-0.569604938476433,0.25,0.501833333333333,0.480306095193141,0.25,0.140066666666667,-0.311008735629766,0.25,0.2757,0.0576395356247204,0.0576395356247204,"no_effect",0.368648271254487,"inconclusive_clean_evidence",FALSE,TRUE,0,TRUE,TRUE,TRUE,"ok","sidecar_v4.0","rigor_selected_v1","7011227781d12d21","4.0.0","20260515T184645_streppel2005_fiber_systolic_bp",0.16,0.147923809075791,0.303170373449896,0,0.107864182047311,0.0166191116232562,0.0912450704240548,-84.5925576889214,TRUE,FALSE,TRUE,FALSE,"moderate_negative","inconclusive","inconclusive","inconclusive","No effect",0.368648271254486,2,0.5,TRUE
"nutrition_v4","nutrition_domain","fiber","fiber","thompson2017","thompson2017",2017,"body_weight_excl","thompson2017_fiber_body_weight_excl","nutrition_v4__fiber__thompson2017__body_weight__excl","exclusion_sensitivity","thompson2017_fiber_body_weight","unspecified__see_data_dictionary",9,TRUE,0.478586961289151,0.0805034142794522,0.861313188550267,0.130164793926584,-0.381236582747094,0.72141410448684,0.509827110306513,0.262531306094602,0.836858969440957,0.548196630922507,0.284004241130902,0.879176210148253,0.5,0.4786,-0.0371983325548916,0.5,0.999833333333333,3.7780788619375,0.5,0.755466666666667,0.489877238850416,0.5,0.244533333333333,-0.489877238850416,0.25,0.205133333333333,-0.111136792987412,0.25,0.0394,-0.909925105757707,0.25,0.273466666666667,0.05277010718392,0.25,0.482,0.445838533213279,0.25,0.205133333333333,-0.111136792987412,0.25,0.0394,-0.909925105757707,-0.111136792987412,"effect",0.798788312770295,"inconclusive_clean_evidence",FALSE,TRUE,0,TRUE,TRUE,TRUE,"ok","sidecar_v4.0","rigor_selected_v1","7011227781d12d21","4.0.0","20260515T184646_thompson2017_fiber_body_weight_excl",0.33,0.405047856781424,0.0773075836447899,0,0.478586961289151,0.130164793926584,0.348422167362567,-72.802269084815,TRUE,FALSE,TRUE,TRUE,"inconclusive","strong_positive","inconclusive","inconclusive","Effect",0.798788312770295,1,1,TRUE
"nutrition_v4","nutrition_domain","fiber","fiber","whelton2005","whelton2005",2005,"diastolic_bp","whelton2005_fiber_diastolic_bp","nutrition_v4__fiber__whelton2005__diastolic_bp__main","main",NA,NA,25,FALSE,0.218336461664871,0.0672632745041242,0.372543161239321,0.109369652595835,0,0.341669520653558,0.29892897410967,0.174861282402868,0.458206296492554,0.302380973255553,0.166320046453979,0.465754643714656,0.5,0.5615,0.107380162895417,0.5,0.998866666666667,2.94514985814007,0.5,0.486633333333333,-0.0232258122929766,0.5,0.513366666666667,0.0232258122929766,0.25,0.4322,0.358610629077046,0.25,0.0811666666666667,-0.576737776544972,0.25,0.1293,-0.351148764859453,0.25,0.357333333333333,0.222209010509602,0.25,0.4322,0.358610629077046,0.25,0.0811666666666667,-0.576737776544972,0.358610629077046,"effect",0.935348405622019,"inconclusive_clean_evidence",FALSE,TRUE,0,TRUE,TRUE,TRUE,"ok","sidecar_v4.0","rigor_selected_v1","7011227781d12d21","4.0.0","20260515T184650_whelton2005_fiber_diastolic_bp",0.2,0.287388859132831,0.130505579210007,0,0.218336461664871,0.109369652595835,0.108966809069036,-49.9077470790432,FALSE,FALSE,TRUE,TRUE,"inconclusive","strong_positive","inconclusive","inconclusive","Effect",0.935348405622018,2,0.5,TRUE
"nutrition_v4","nutrition_domain","fiber","fiber","whelton2005","whelton2005",2005,"systolic_bp","whelton2005_fiber_systolic_bp","nutrition_v4__fiber__whelton2005__systolic_bp__main","main",NA,NA,25,FALSE,0.122845172321094,-0.0612040891727543,0.30527927994324,0.0234389451808459,-0.0173710989227184,0.224307870514014,0.385824330255603,0.238086637005962,0.567670695979687,0.392797694934005,0.246157940877915,0.573356239208086,0.5,0.2258,-0.535129229393987,0.5,1,Inf,0.5,0.282366666666667,-0.40508917601691,0.5,0.717633333333333,0.40508917601691,0.25,0.181966666666667,-0.175657906416439,0.25,0.535666666666667,0.539186015059044,0.25,0.0438333333333333,-0.861607846673021,0.25,0.238533333333333,-0.0269805648777361,0.25,0.181966666666667,-0.175657906416439,0.25,0.535666666666667,0.539186015059044,0.539186015059044,"no_effect",0.714843921475483,"clean_no_effect_supported",FALSE,TRUE,0,TRUE,TRUE,TRUE,"ok","sidecar_v4.0","rigor_selected_v1","7011227781d12d21","4.0.0","20260515T184715_whelton2005_fiber_systolic_bp",0.12,0.327407167355217,0.108121099102285,0,0.122845172321094,0.0234389451808459,0.0994062271402481,-80.9199297473563,TRUE,FALSE,TRUE,FALSE,"moderate_negative","strong_positive","inconclusive","inconclusive","No effect",0.714843921475483,2,0.5,TRUE
"nutrition_v4","nutrition_domain","omega3","omega3","abdelhamid2018","abdelhamid2018",2018,"all_cause_mortality","abdelhamid2018_omega3_all_cause_mortality","nutrition_v4__omega3__abdelhamid2018__all_cause_mortality__main","main",NA,NA,45,FALSE,0.0180584581224271,-0.0131141533219487,0.0509269454739879,0.00035999010975887,0,0.00112028013388996,0.0379863024389576,0.0028151592925453,0.0879036423734509,0.00825585662110729,0,0.0604348319153426,0.5,0.0314333333333333,-1.48873908065545,0.5,0.229433333333333,-0.526153703448103,0.5,0.767166666666667,0.517844568779792,0.5,0.232833333333333,-0.517844568779792,0.25,0.0135333333333333,-1.3855563811734,0.25,0.2193,-0.0743242929675023,0.25,0.0179,-1.26218142534306,0.25,0.749266666666667,0.952545592512316,0.25,0.0135333333333333,-1.3855563811734,0.25,0.2193,-0.0743242929675023,-0.0743242929675023,"no_effect",1.31123208820589,"inconclusive_clean_evidence",FALSE,TRUE,0,TRUE,TRUE,TRUE,"ok","sidecar_v4.0","rigor_selected_v1","7011227781d12d21","4.0.0","20260515T184716_abdelhamid2018_omega3_all_cause_mortality",0.07,0.0500000000000001,1,0,0.0180584581224271,0.00035999010975887,0.0176984680126682,-98.0065290883733,TRUE,FALSE,TRUE,FALSE,"strong_negative","moderate_negative","moderate_positive","moderate_negative","No effect",1.3112320882059,5,0.2,TRUE
"nutrition_v4","nutrition_domain","omega3","omega3","abdelhamid2018","abdelhamid2018",2018,"cardiovascular_events","abdelhamid2018_omega3_cardiovascular_events","nutrition_v4__omega3__abdelhamid2018__cardiovascular_events__main","main",NA,NA,43,FALSE,0.020609159125681,-0.0107567651537022,0.052174466296549,0.00102043979454794,0,0.0196109620747193,0.0534456765142386,0.0191929429618531,0.0981776438907923,0.0497297058678219,0,0.096117522958156,0.5,0.0548,-1.23674315447596,0.5,0.901966666666667,0.963816718142311,0.5,0.3105,-0.34647266599927,0.5,0.6895,0.34647266599927,0.25,0.0430333333333333,-0.869970568305772,0.25,0.646466666666667,0.739237023211254,0.25,0.0117666666666667,-1.44708479326351,0.25,0.298733333333333,0.106521743522646,0.25,0.0430333333333333,-0.869970568305772,0.25,0.646466666666667,0.739237023211254,0.739237023211254,"no_effect",1.60920759151703,"clean_no_effect_supported",FALSE,TRUE,0,TRUE,TRUE,TRUE,"ok","sidecar_v4.0","rigor_selected_v1","7011227781d12d21","4.0.0","20260515T184723_abdelhamid2018_omega3_cardiovascular_events",0.12,0.142027960226415,0.317940376486767,0,0.020609159125681,0.00102043979454794,0.0195887193311331,-95.0486102401123,TRUE,FALSE,TRUE,FALSE,"strong_negative","moderate_positive","inconclusive","inconclusive","No effect",1.60920759151703,5,0.2,TRUE
"nutrition_v4","nutrition_domain","omega3","omega3","abdelhamid2018","abdelhamid2018",2018,"coronary_heart_disease_events","abdelhamid2018_omega3_coronary_heart_disease_events","nutrition_v4__omega3__abdelhamid2018__coronary_heart_disease_events__main","main",NA,NA,32,FALSE,0.0531451128548076,0.00758305978397204,0.101207615304147,0.0119648790045164,0,0.0799888552466798,0.0684233631746523,0.0291944692044538,0.122837274789507,0.0749193216304308,0.0119299618942821,0.132513567857782,0.5,0.241166666666667,-0.497829119189152,0.5,0.9757,1.60371003139164,0.5,0.4495,-0.088027627238523,0.5,0.5505,0.088027627238523,0.25,0.1933,-0.143358948194749,0.25,0.3572,0.221956836844864,0.25,0.0478666666666667,-0.821543329776787,0.25,0.401633333333333,0.303983612180072,0.25,0.1933,-0.143358948194749,0.25,0.3572,0.221956836844864,0.221956836844864,"no_effect",0.365315785039613,"inconclusive_clean_evidence",FALSE,TRUE,0,TRUE,TRUE,TRUE,"ok","sidecar_v4.0","rigor_selected_v1","7011227781d12d21","4.0.0","20260515T184746_abdelhamid2018_omega3_coronary_heart_disease_events",0.09,0.16066103014778,0.274962355887682,0,0.0531451128548076,0.0119648790045164,0.0411802338502912,-77.486398350109,TRUE,FALSE,TRUE,FALSE,"inconclusive","strong_positive","inconclusive","inconclusive","No effect",0.365315785039613,5,0.2,TRUE
"nutrition_v4","nutrition_domain","omega3","omega3","abdelhamid2018","abdelhamid2018",2018,"stroke","abdelhamid2018_omega3_stroke","nutrition_v4__omega3__abdelhamid2018__stroke__main","main",NA,NA,31,FALSE,0.0147984111604458,-0.0423037778732797,0.0791240799152676,-9.83267420221138e-06,0,0,0.0601208160952993,0.00335503651277747,0.149306191526976,0.00756558391132338,0,0.0826962884490749,0.5,0.0297333333333333,-1.51364751187329,0.5,0.157566666666667,-0.72807119506275,0.5,0.3368,-0.294272434714605,0.5,0.6632,0.294272434714605,0.25,0.0191,-1.23347011256662,0.25,0.6441,0.734746565871728,0.25,0.0106333333333333,-1.49156659114705,0.25,0.326166666666667,0.162008339043989,0.25,0.0191,-1.23347011256662,0.25,0.6441,0.734746565871728,0.734746565871728,"no_effect",1.96821667843834,"clean_no_effect_supported",FALSE,TRUE,0,TRUE,TRUE,TRUE,"ok","sidecar_v4.0","rigor_selected_v1","7011227781d12d21","4.0.0","20260515T184753_abdelhamid2018_omega3_stroke",0.06,0.0500000000000001,1,0,0.0147984111604458,9.83267420221138e-06,0.0147885784862436,-100.066444120897,TRUE,TRUE,TRUE,FALSE,"strong_negative","moderate_negative","inconclusive","inconclusive","No effect",1.96821667843835,5,0.2,TRUE
"nutrition_v4","nutrition_domain","omega3","omega3","abdelhamid2018","abdelhamid2018",2018,"triglycerides","abdelhamid2018_omega3_triglycerides","nutrition_v4__omega3__abdelhamid2018__triglycerides__main","main",NA,NA,23,FALSE,0.260720111809805,0.159177144195687,0.371108450661775,0.115667049410092,0,0.33101721268572,0.173345992063185,0.095563143411357,0.284656539451601,0.15834438812701,0,0.281386723196136,0.5,0.5683,0.119395607388463,0.5,0.9717,1.53574576720555,0.5,0.754766666666667,0.488233210516648,0.5,0.245233333333333,-0.488233210516648,0.25,0.245133333333333,-0.0113466227259752,0.25,1e-04,-3.52283531366053,0.25,0.323166666666667,0.156066074308331,0.25,0.4316,0.357548621475103,0.25,0.245133333333333,-0.0113466227259752,0.25,1e-04,-3.52283531366053,-0.0113466227259752,"effect",3.51148869093455,"inconclusive_clean_evidence",FALSE,TRUE,0,TRUE,TRUE,TRUE,"ok","sidecar_v4.0","rigor_selected_v1","7011227781d12d21","4.0.0","20260515T184759_abdelhamid2018_omega3_triglycerides",0.3,0.265921666879239,0.145289784963493,0,0.260720111809805,0.115667049410092,0.145053062399713,-55.6355477883229,TRUE,FALSE,TRUE,TRUE,"inconclusive","strong_positive","inconclusive","inconclusive","Effect",3.51148869093455,5,0.2,TRUE
"nutrition_v4","nutrition_domain","omega3","omega3","bloch2012","bloch2012",2012,"depression_excl","bloch2012_omega3_depression_excl","nutrition_v4__omega3__bloch2012__depression__excl","exclusion_sensitivity","bloch2012_omega3_depression","unspecified__see_data_dictionary",12,TRUE,0.158825226701731,-0.143740801780146,0.473295525226111,-0.016269855585512,-0.492265445214137,0.283423502464287,0.440535584618697,0.214847130904023,0.72613386800073,0.389614669395968,0,0.680740772347891,0.5,0.2742,-0.422749513411044,0.5,0.973,1.55674907610936,0.5,0.6096,0.19353514933689,0.5,0.3904,-0.19353514933689,0.25,0.101366666666667,-0.470566103854958,0.25,0.289033333333333,0.0862199467061178,0.25,0.172833333333333,-0.20284426408862,0.25,0.436766666666667,0.366682391665353,0.25,0.101366666666667,-0.470566103854958,0.25,0.289033333333333,0.0862199467061178,0.0862199467061178,"no_effect",0.556786050561076,"inconclusive_clean_evidence",FALSE,TRUE,0,TRUE,TRUE,TRUE,"ok","sidecar_v4.0","rigor_selected_v1","7011227781d12d21","4.0.0","20260515T184818_bloch2012_omega3_depression_excl",0.33,0.259630093681156,0.150085980659843,0,0.158825226701731,0.016269855585512,0.142555371116219,-110.243873673838,TRUE,TRUE,TRUE,FALSE,"inconclusive","strong_positive","inconclusive","inconclusive","No effect",0.556786050561076,1,1,TRUE
"nutrition_v4","nutrition_domain","omega3","omega3","brown2019","brown2019",2019,"fasting_glucose","brown2019_omega3_fasting_glucose","nutrition_v4__omega3__brown2019__fasting_glucose__main","main",NA,NA,34,FALSE,0.0191050981441897,-0.03525862274317,0.0557523602984153,0.00942747887468244,0,0.04949054696872,0.0356479931849156,0.00139203923201979,0.103202486343745,0.0315438927707769,0,0.0968712642082186,0.5,0.2999,-0.368183611892419,0.5,0.6634,0.294661355543658,0.5,0.263133333333333,-0.447213043627036,0.5,0.736866666666667,0.447213043627036,0.25,0.2452,-0.0111901709268539,0.25,0.491666666666667,0.46264343135104,0.25,0.0547,-0.760461076840569,0.25,0.208433333333333,-0.102399068845185,0.25,0.2452,-0.0111901709268539,0.25,0.491666666666667,0.46264343135104,0.46264343135104,"no_effect",0.473833602277894,"inconclusive_clean_evidence",FALSE,TRUE,0,TRUE,TRUE,TRUE,"ok","sidecar_v4.0","rigor_selected_v1","7011227781d12d21","4.0.0","20260515T184826_brown2019_omega3_fasting_glucose",0.09,0.0845568507415563,0.569808572118494,0,0.0191050981441897,0.00942747887468244,0.00967761926950726,-50.6546430511295,TRUE,FALSE,TRUE,FALSE,"inconclusive","inconclusive","inconclusive","inconclusive","No effect",0.473833602277894,1,1,TRUE
"nutrition_v4","nutrition_domain","omega3","omega3","goldberg2007","goldberg2007",2007,"pain_assessment","goldberg2007_omega3_pain_assessment","nutrition_v4__omega3__goldberg2007__pain_assessment__main","main",NA,NA,13,FALSE,0.248944092249639,0.012637483755711,0.479281618046505,0.08853308155793,-0.107542477176195,0.408476473139469,0.251411580005426,0.028156636612544,0.50464181078981,0.210811777129413,0,0.502687611772194,0.5,0.4582,-0.0727839158437708,0.5,0.780233333333333,0.550262679390968,0.5,0.5368,0.064043956441556,0.5,0.4632,-0.064043956441556,0.25,0.308266666666667,0.126109117056111,0.25,0.154933333333333,-0.259624852080307,0.25,0.149933333333333,-0.276433535591278,0.25,0.386866666666667,0.27712763879935,0.25,0.308266666666667,0.126109117056111,0.25,0.154933333333333,-0.259624852080307,0.126109117056111,"effect",0.385733969136419,"inconclusive_clean_evidence",FALSE,TRUE,0,TRUE,TRUE,TRUE,"ok","sidecar_v4.0","rigor_selected_v1","7011227781d12d21","4.0.0","20260515T184830_goldberg2007_omega3_pain_assessment",0.15,0.142504807238206,0.316700379202021,0,0.248944092249639,0.08853308155793,0.160411010691709,-64.4365605313703,TRUE,FALSE,TRUE,TRUE,"inconclusive","moderate_positive","inconclusive","inconclusive","Effect",0.385733969136418,2,0.5,TRUE
"nutrition_v4","nutrition_domain","omega3","omega3","goldberg2007","goldberg2007",2007,"painful_tender_joints","goldberg2007_omega3_painful_tender_joints","nutrition_v4__omega3__goldberg2007__painful_tender_joints__main","main",NA,NA,10,FALSE,0.284400668028414,0.0681811679310503,0.498842928898956,0.079739394586345,-0.292577709911017,0.419860562090084,0.139188882407323,0.00589589928412317,0.386636740154425,0.0506272114096717,0,0.327295337963068,0.5,0.467333333333333,-0.0568287613473327,0.5,0.346,-0.276501649531491,0.5,0.7156,0.400740739837607,0.5,0.2844,-0.400740739837607,0.25,0.250633333333333,0.00146571392839983,0.25,0.0337666666666667,-0.979472570436692,0.25,0.2167,-0.0809479605031264,0.25,0.4989,0.475210355916367,0.25,0.250633333333333,0.00146571392839983,0.25,0.0337666666666667,-0.979472570436692,0.00146571392839983,"effect",0.980938284365092,"inconclusive_clean_evidence",FALSE,TRUE,0,TRUE,TRUE,TRUE,"ok","sidecar_v4.0","rigor_selected_v1","7011227781d12d21","4.0.0","20260515T184847_goldberg2007_omega3_painful_tender_joints",0.1,0.0695282399664504,0.704349743417055,0,0.284400668028414,0.079739394586345,0.204661273442069,-71.962304048323,TRUE,FALSE,TRUE,TRUE,"inconclusive","inconclusive","inconclusive","inconclusive","Effect",0.980938284365092,2,0.5,TRUE
"nutrition_v4","nutrition_domain","omega3","omega3","grosso2014","grosso2014",2014,"depression_diagnosis","grosso2014_omega3_depression_diagnosis","nutrition_v4__omega3__grosso2014__depression_diagnosis__main","main",NA,NA,12,FALSE,0.511210507553746,0.182717215143779,0.841753273633934,0.125477778621065,-0.408650763252603,0.689975267612876,0.466235251407513,0.221167881734334,0.771742095633039,0.423537912551053,0,0.757539593881331,0.5,0.496733333333333,-0.00567486197389856,0.5,0.966966666666667,1.46645910354981,0.5,0.839066666666667,0.717150461650137,0.5,0.160933333333333,-0.717150461650137,0.25,0.152533333333333,-0.267636609358674,0.25,0.0084,-1.59493597731424,0.25,0.3442,0.197160708377857,0.25,0.494866666666667,0.468203428022919,0.25,0.152533333333333,-0.267636609358674,0.25,0.0084,-1.59493597731424,-0.267636609358674,"effect",1.32729936795557,"inconclusive_clean_evidence",FALSE,TRUE,0,TRUE,TRUE,TRUE,"ok","sidecar_v4.0","rigor_selected_v1","7011227781d12d21","4.0.0","20260515T184857_grosso2014_omega3_depression_diagnosis",0.58,0.275835139376258,0.138176521410024,0,0.511210507553746,0.125477778621065,0.385732728932681,-75.4547731771979,TRUE,FALSE,TRUE,TRUE,"inconclusive","strong_positive","moderate_positive","moderate_negative","Effect",1.32729936795557,1,1,TRUE
"nutrition_v4","nutrition_domain","omega3","omega3","hu2019","hu2019",2019,"cardiovascular_disease_death","hu2019_omega3_cardiovascular_disease_death","nutrition_v4__omega3__hu2019__cardiovascular_disease_death__main","main",NA,NA,11,FALSE,0.0361210802080165,-0.0116810863776356,0.0799998281689026,0.00499149245325602,0,0.0503319474144035,0.0345723342809689,0.00134836267848368,0.107043201813159,0.00724372262874225,0,0.069996981751745,0.5,0.147166666666667,-0.763054713394549,0.5,0.173133333333333,-0.679054794070372,0.5,0.611566666666667,0.197127314506865,0.5,0.388433333333333,-0.197127314506865,0.25,0.0943333333333333,-0.505181948173938,0.25,0.2941,0.0968730973310482,0.25,0.0528333333333333,-0.776397139107316,0.25,0.558733333333333,0.579624714286963,0.25,0.0943333333333333,-0.505181948173938,0.25,0.2941,0.0968730973310482,0.0968730973310482,"no_effect",0.602055045504986,"inconclusive_clean_evidence",FALSE,TRUE,0,TRUE,TRUE,TRUE,"ok","sidecar_v4.0","rigor_selected_v1","7011227781d12d21","4.0.0","20260515T184859_hu2019_omega3_cardiovascular_disease_death",0.18,0.0500000000000001,1,0,0.0361210802080165,0.00499149245325602,0.0311295877547605,-86.1812204272113,TRUE,FALSE,TRUE,FALSE,"moderate_negative","moderate_negative","inconclusive","inconclusive","No effect",0.602055045504986,3,0.333333333333333,TRUE
"nutrition_v4","nutrition_domain","omega3","omega3","hu2019","hu2019",2019,"coronary_heart_disease_death","hu2019_omega3_coronary_heart_disease_death","nutrition_v4__omega3__hu2019__coronary_heart_disease_death__main","main",NA,NA,12,FALSE,0.0547099784108851,-0.00594116846358422,0.124546941293763,0.003364038968116,0,0.0527246098358751,0.0554016762855095,0.0031473411920477,0.14906641847547,0.0114947298547,0,0.0951257955981495,0.5,0.0953,-0.977411689678371,0.5,0.2191,-0.551953045268193,0.5,0.862533333333333,0.797578485856972,0.5,0.137466666666667,-0.797578485856972,0.25,0.0397666666666667,-0.905736334229687,0.25,0.0977,-0.488335138929224,0.25,0.0555333333333333,-0.753511637777673,0.25,0.807,1.09843748043396,0.25,0.0397666666666667,-0.905736334229687,0.25,0.0977,-0.488335138929224,-0.488335138929224,"no_effect",0.417401195300463,"inconclusive_clean_evidence",FALSE,TRUE,0,TRUE,TRUE,TRUE,"ok","sidecar_v4.0","rigor_selected_v1","7011227781d12d21","4.0.0","20260515T184916_hu2019_omega3_coronary_heart_disease_death",0.08,0.0500000000000001,1,0,0.0547099784108851,0.003364038968116,0.0513459394427691,-93.8511418468286,TRUE,FALSE,TRUE,FALSE,"moderate_negative","moderate_negative","moderate_positive","moderate_negative","No effect",0.417401195300463,3,0.333333333333333,TRUE
"nutrition_v4","nutrition_domain","omega3","omega3","hu2019","hu2019",2019,"myocardial_infarction","hu2019_omega3_myocardial_infarction","nutrition_v4__omega3__hu2019__myocardial_infarction__main","main",NA,NA,12,FALSE,0.0501861809036383,-0.00266060741301034,0.107721967451225,0.00435256309726764,0,0.0577327311614139,0.0522523156057711,0.00355441731525422,0.128013085528274,0.0120705821458879,0,0.0948669224108454,0.5,0.1198,-0.866124546173634,0.5,0.2258,-0.535129229393987,0.5,0.681766666666667,0.330890095787701,0.5,0.318233333333333,-0.330890095787701,0.25,0.0734333333333333,-0.62386217520771,0.25,0.2448,-0.0121293130968265,0.25,0.0463666666666667,-0.836054293014141,0.25,0.6354,0.718351800891834,0.25,0.0734333333333333,-0.62386217520771,0.25,0.2448,-0.0121293130968265,-0.0121293130968265,"no_effect",0.611732862110883,"inconclusive_clean_evidence",FALSE,TRUE,0,TRUE,TRUE,TRUE,"ok","sidecar_v4.0","rigor_selected_v1","7011227781d12d21","4.0.0","20260515T184926_hu2019_omega3_myocardial_infarction",0.08,0.0500000000000001,1,0,0.0501861809036383,0.00435256309726764,0.0458336178063707,-91.3271681189989,TRUE,FALSE,TRUE,FALSE,"moderate_negative","moderate_negative","inconclusive","inconclusive","No effect",0.611732862110884,3,0.333333333333333,TRUE
"nutrition_v4","nutrition_domain","omega3","omega3","khorshidi2022","khorshidi2022",2022,"triglycerides","khorshidi2022_omega3_triglycerides","nutrition_v4__omega3__khorshidi2022__triglycerides__main","main",NA,NA,14,FALSE,0.338563354797829,0.0550128473305556,0.611824652445648,0.187818488750754,-8.96630902370039e-07,0.564762978751456,0.456092427496888,0.282707058779258,0.692869002775873,0.481162923057099,0.297472116764123,0.727862336552987,0.5,0.618333333333333,0.209538427275158,0.5,1,Inf,0.5,0.406866666666667,-0.163700220611672,0.5,0.593133333333333,0.163700220611672,0.25,0.457966666666667,0.403929128437531,0.25,0.135166666666667,-0.328941561764109,0.25,0.160366666666667,-0.241854314784084,0.25,0.2465,-0.00814507831773943,0.25,0.457966666666667,0.403929128437531,0.25,0.135166666666667,-0.328941561764109,0.403929128437531,"effect",0.73287069020164,"inconclusive_clean_evidence",FALSE,TRUE,0,TRUE,TRUE,TRUE,"ok","sidecar_v4.0","rigor_selected_v1","7011227781d12d21","4.0.0","20260515T184929_khorshidi2022_omega3_triglycerides",0.29,0.423604348283642,0.0716154434497995,0,0.338563354797829,0.187818488750754,0.150744866047075,-44.5248618643596,FALSE,FALSE,TRUE,TRUE,"inconclusive","strong_positive","inconclusive","inconclusive","Effect",0.73287069020164,1,1,TRUE
"nutrition_v4","nutrition_domain","omega3","omega3","kotwal2012","kotwal2012",2012,"cardiovascular_outcomes","kotwal2012_omega3_cardiovascular_outcomes","nutrition_v4__omega3__kotwal2012__cardiovascular_outcomes__main","main",NA,NA,12,FALSE,0.0206974354322907,-0.0270385659536974,0.0690832172030243,0.000647532910081653,0,0.0125712177551609,0.0520182639548054,0.00452786031398016,0.120513786240972,0.0125368403335191,0,0.0853624244501686,0.5,0.0439333333333333,-1.33769402121056,0.5,0.258066666666667,-0.458632971093637,0.5,0.5862,0.151255327772701,0.5,0.4138,-0.151255327772701,0.25,0.0251333333333333,-1.11157387506911,0.25,0.388666666666667,0.280420473808655,0.25,0.0188,-1.24047843555101,0.25,0.5674,0.594924071076423,0.25,0.0251333333333333,-1.11157387506911,0.25,0.388666666666667,0.280420473808655,0.280420473808655,"no_effect",1.39199434887777,"inconclusive_clean_evidence",FALSE,TRUE,0,TRUE,TRUE,TRUE,"ok","sidecar_v4.0","rigor_selected_v1","7011227781d12d21","4.0.0","20260515T184945_kotwal2012_omega3_cardiovascular_outcomes",0.17,0.0500000000000001,1,0,0.0206974354322907,0.000647532910081653,0.020049902522209,-96.8714340856384,TRUE,FALSE,TRUE,FALSE,"strong_negative","inconclusive","inconclusive","inconclusive","No effect",1.39199434887776,1,1,TRUE
"nutrition_v4","nutrition_domain","omega3","omega3","liao2019","liao2019",2019,"depression","liao2019_omega3_depression","nutrition_v4__omega3__liao2019__depression__main","main",NA,NA,32,FALSE,0.268269340125373,0.0644919463979818,0.474577625577876,0.120854419901613,-0.0219932721416184,0.424935673248615,0.489170308107053,0.340993484142375,0.671445210100542,0.48990916483344,0.335824144764824,0.678502728906215,0.5,0.523766666666667,0.0413180657750484,0.5,1,Inf,0.5,0.5152,0.0264132431935259,0.5,0.4848,-0.0264132431935259,0.25,0.388033333333333,0.279262522115967,0.25,0.0967666666666667,-0.492952920781876,0.25,0.135733333333333,-0.326839993975789,0.25,0.379466666666667,0.263529771517217,0.25,0.388033333333333,0.279262522115967,0.25,0.0967666666666667,-0.492952920781876,0.279262522115967,"effect",0.772215442897842,"inconclusive_clean_evidence",FALSE,TRUE,0,TRUE,TRUE,TRUE,"ok","sidecar_v4.0","rigor_selected_v1","7011227781d12d21","4.0.0","20260515T184955_liao2019_omega3_depression",0.25,0.336046729035792,0.103988243244249,0,0.268269340125373,0.120854419901613,0.14741492022376,-54.9503421281266,TRUE,FALSE,TRUE,TRUE,"inconclusive","strong_positive","inconclusive","inconclusive","Effect",0.772215442897843,1,1,TRUE
"nutrition_v4","nutrition_domain","omega3","omega3","rizos2012","rizos2012",2012,"all_cause_mortality","rizos2012_omega3_all_cause_mortality","nutrition_v4__omega3__rizos2012__all_cause_mortality__main","main",NA,NA,17,FALSE,0.0228509087677705,-0.0241984227449283,0.06849881521508,0.00124729164869089,0,0.0256006439410988,0.039269811064728,0.0017394080805338,0.116463147609386,0.00790165829562445,0,0.0687978599872973,0.5,0.0603333333333333,-1.19241650100242,0.5,0.197333333333333,-0.609334775862867,0.5,0.6178,0.208557221246438,0.5,0.3822,-0.208557221246438,0.25,0.0337,-0.980360823948353,0.25,0.3485,0.205409617105087,0.25,0.0266333333333333,-1.08572969025879,0.25,0.591166666666667,0.637284894985219,0.25,0.0337,-0.980360823948353,0.25,0.3485,0.205409617105087,0.205409617105087,"no_effect",1.18577044105344,"inconclusive_clean_evidence",FALSE,TRUE,0,TRUE,TRUE,TRUE,"ok","sidecar_v4.0","rigor_selected_v1","7011227781d12d21","4.0.0","20260515T184956_rizos2012_omega3_all_cause_mortality",0.06,0.0500000000000001,1,0,0.0228509087677705,0.00124729164869089,0.0216036171190796,-94.5416103080762,TRUE,FALSE,TRUE,FALSE,"strong_negative","moderate_negative","inconclusive","inconclusive","No effect",1.18577044105344,1,1,TRUE
"nutrition_v4","nutrition_domain","omega3","omega3","serra2021","serra2021",2021,"preterm_birth","serra2021_omega3_preterm_birth","nutrition_v4__omega3__serra2021__preterm_birth__main","main",NA,NA,31,FALSE,0.0607841983433898,0.00729546636168294,0.116400464247509,0.00185174701592378,0,0.0407810687151875,0.0379473197468958,0.0013973730195543,0.122025422191355,0.00585088836346232,0,0.0685053874441088,0.5,0.0648,-1.15932949228319,0.5,0.1387,-0.793077986142884,0.5,0.963333333333333,1.41950515759832,0.5,0.0366666666666667,-1.41950515759832,0.25,0.0164666666666667,-1.29906213443431,0.25,0.0202,-1.20866481095403,0.25,0.0483333333333333,-0.817116855627229,0.25,0.915,1.50912342307182,0.25,0.0164666666666667,-1.29906213443431,0.25,0.0202,-1.20866481095403,-1.20866481095403,"no_effect",0.0903973234802891,"clean_evidence_disfavored",FALSE,TRUE,0,TRUE,TRUE,TRUE,"ok","sidecar_v4.0","rigor_selected_v1","7011227781d12d21","4.0.0","20260515T185014_serra2021_omega3_preterm_birth",0.03,0.0500000000000001,1,41.5423434814592,0.0607841983433898,0.00185174701592378,0.058932451327466,-96.9535717071357,TRUE,FALSE,TRUE,FALSE,"strong_negative","moderate_negative","strong_positive","strong_negative","No effect",0.0903973234802802,1,1,TRUE
"nutrition_v4","nutrition_domain","omega3","omega3","su2018","su2018",2018,"anxiety","su2018_omega3_anxiety","nutrition_v4__omega3__su2018__anxiety__main","main",NA,NA,19,FALSE,0.355719613868356,0.0529827407353106,0.655250162167865,0.158981473465597,-0.0717219257155749,0.591117103109119,0.624305878545804,0.44682389810956,0.859616271863118,0.627084825520353,0.444510375239861,0.865553681701975,0.5,0.5406,0.0706850505036993,0.5,1,Inf,0.5,0.530466666666667,0.0529916696687482,0.5,0.469533333333333,-0.0529916696687482,0.25,0.361066666666667,0.229253105351514,0.25,0.108466666666667,-0.437720036949903,0.25,0.179533333333333,-0.182794592466215,0.25,0.350933333333333,0.210056570103553,0.25,0.361066666666667,0.229253105351514,0.25,0.108466666666667,-0.437720036949903,0.229253105351514,"effect",0.666973142301417,"inconclusive_clean_evidence",FALSE,TRUE,0,TRUE,TRUE,TRUE,"ok","sidecar_v4.0","rigor_selected_v1","7011227781d12d21","4.0.0","20260515T185026_su2018_omega3_anxiety",0.32,0.514776641654451,0.0496100044686968,0,0.355719613868356,0.158981473465597,0.196738140402759,-55.3070825258366,TRUE,FALSE,TRUE,TRUE,"inconclusive","strong_positive","inconclusive","inconclusive","Effect",0.666973142301417,1,1,TRUE
"nutrition_v4","nutrition_domain","omega3","omega3","wang2012","wang2012",2012,"endothelium_independent_vasodilation","wang2012_omega3_endothelium_independent_vasodilation","nutrition_v4__omega3__wang2012__endothelium_independent_vasodilation__main","main",NA,NA,12,FALSE,0.135450822639357,-0.13524502881177,0.427811587626885,-0.0100263433496671,-0.365670170173553,0.234382780324885,0.367920077055476,0.103463801155485,0.661752613725776,0.264364109213657,0,0.615963172317897,0.5,0.242066666666667,-0.495696017570684,0.5,0.810133333333333,0.630107775889911,0.5,0.539266666666667,0.0683539424473141,0.5,0.460733333333333,-0.0683539424473141,0.25,0.1007,-0.473753868140179,0.25,0.360033333333333,0.227306612186854,0.25,0.141366666666667,-0.306339471923319,0.25,0.3979,0.297226566658903,0.25,0.1007,-0.473753868140179,0.25,0.360033333333333,0.227306612186854,0.227306612186854,"no_effect",0.701060480327033,"inconclusive_clean_evidence",FALSE,TRUE,0,TRUE,TRUE,TRUE,"ok","sidecar_v4.0","rigor_selected_v1","7011227781d12d21","4.0.0","20260515T185027_wang2012_omega3_endothelium_independent_vasodilation",0.17,0.178876212532308,0.24160306735729,0,0.135450822639357,0.0100263433496671,0.12542447928969,-107.402201887221,TRUE,TRUE,TRUE,FALSE,"inconclusive","moderate_positive","inconclusive","inconclusive","No effect",0.701060480327033,2,0.5,TRUE
"nutrition_v4","nutrition_domain","omega3","omega3","wang2012","wang2012",2012,"flow_mediated_dilation","wang2012_omega3_flow_mediated_dilation","nutrition_v4__omega3__wang2012__flow_mediated_dilation__main","main",NA,NA,16,FALSE,0.507071017030725,0.116597431204677,0.893091703306666,0.290551369862535,-0.0825328279498791,0.827710570515363,0.747004918493675,0.525986362609903,1.03335854733488,0.758682754307778,0.530137512393353,1.04621685824111,0.5,0.6724,0.312283811679052,0.5,1,Inf,0.5,0.4904,-0.0166789578169355,0.5,0.5096,0.0166789578169355,0.25,0.4476,0.385757662669381,0.25,0.062,-0.702689894161148,0.25,0.2248,-0.060496202426023,0.25,0.2656,0.0354166572224564,0.25,0.4476,0.385757662669381,0.25,0.062,-0.702689894161148,0.385757662669381,"effect",1.08844755683053,"inconclusive_clean_evidence",FALSE,TRUE,0,TRUE,TRUE,TRUE,"ok","sidecar_v4.0","rigor_selected_v1","7011227781d12d21","4.0.0","20260515T185052_wang2012_omega3_flow_mediated_dilation",0.5,0.52107975375332,0.0483732644926233,0,0.507071017030725,0.290551369862535,0.21651964716819,-42.7000636786682,FALSE,FALSE,TRUE,TRUE,"inconclusive","strong_positive","inconclusive","inconclusive","Effect",1.08844755683053,2,0.5,TRUE
"nutrition_v4","nutrition_domain","protein","protein","cermak2012","cermak2012",2012,"lean_body_mass","cermak2012_protein_lean_body_mass","nutrition_v4__protein__cermak2012__lean_body_mass__main","main",NA,NA,22,FALSE,0.416521146475386,0.244985245090713,0.589475090456774,0.151741775443354,-0.0589711660231804,0.506837584610004,0.155546047907053,0.00711928928048844,0.388927555774922,0.0593211679671735,0,0.331640962448891,0.5,0.5544,0.0948780394380779,0.5,0.3896,-0.194995576740246,0.5,0.820866666666667,0.66109621303855,0.5,0.179133333333333,-0.66109621303855,0.25,0.179133333333333,-0.183974958318887,0.25,0,-Inf,0.25,0.375266666666667,0.25576656550075,0.25,0.4456,0.382243215281585,0.25,0.179133333333333,-0.183974958318887,0.25,0,-Inf,-0.183974958318887,"effect",Inf,"inconclusive_clean_evidence",FALSE,TRUE,0,TRUE,TRUE,TRUE,"ok","sidecar_v4.0","rigor_selected_v1","7011227781d12d21","4.0.0","20260515T185057_cermak2012_protein_lean_body_mass",0.18,0.083777541180008,0.575598592359972,0,0.416521146475386,0.151741775443354,0.264779371032032,-63.5692505104729,TRUE,FALSE,TRUE,TRUE,"inconclusive","inconclusive","moderate_positive","moderate_negative","Effect",Inf,2,0.5,TRUE
"nutrition_v4","nutrition_domain","protein","protein","cermak2012","cermak2012",2012,"leg_press_strength","cermak2012_protein_leg_press_strength","nutrition_v4__protein__cermak2012__leg_press_strength__main","main",NA,NA,13,FALSE,0.435210169637296,0.210741534393972,0.658651248063555,0.159097166772889,-0.178567912721466,0.576492183393733,0.145380638282873,0.0058005228867916,0.408561326098864,0.0704141900594683,0,0.42080869702246,0.5,0.542966666666667,0.0748252924615784,0.5,0.389066666666667,-0.195969797295946,0.5,0.7592,0.498699716833449,0.5,0.2408,-0.498699716833449,0.25,0.239833333333333,-0.0238780235846706,0.25,0.000966666666666667,-2.53718198105898,0.25,0.303133333333333,0.11560525852892,0.25,0.456066666666667,0.40060391201477,0.25,0.239833333333333,-0.0238780235846706,0.25,0.000966666666666667,-2.53718198105898,-0.0238780235846706,"effect",2.51330395747431,"inconclusive_clean_evidence",FALSE,TRUE,0,TRUE,TRUE,TRUE,"ok","sidecar_v4.0","rigor_selected_v1","7011227781d12d21","4.0.0","20260515T185058_cermak2012_protein_leg_press_strength",0.23,0.0942720546409304,0.505663076207097,0,0.435210169637296,0.159097166772889,0.276113002864407,-63.4436008456603,TRUE,FALSE,TRUE,TRUE,"inconclusive","inconclusive","inconclusive","inconclusive","Effect",2.51330395747431,2,0.5,TRUE
"nutrition_v4","nutrition_domain","protein","protein","finger2015","finger2015",2015,"lean_body_mass","finger2015_protein_lean_body_mass","nutrition_v4__protein__finger2015__lean_body_mass__main","main",NA,NA,10,FALSE,0.222155609229236,0.0214513882831297,0.419431251139603,0.0280493199714695,-0.129702362643499,0.304874284154835,0.0961752668757129,0.00365199291419459,0.29360431441176,0.0375358837863365,0,0.266116927076787,0.5,0.270133333333333,-0.431665352049843,0.5,0.307633333333333,-0.352302759745448,0.5,0.854,0.767105014904568,0.5,0.146,-0.767105014904568,0.25,0.101366666666667,-0.470566103854958,0.25,0.0446333333333333,-0.853389507396836,0.25,0.168766666666667,-0.215315023178239,0.25,0.685233333333333,0.814971000915607,0.25,0.101366666666667,-0.470566103854958,0.25,0.0446333333333333,-0.853389507396836,-0.470566103854958,"effect",0.382823403541878,"inconclusive_clean_evidence",FALSE,TRUE,0,TRUE,TRUE,TRUE,"ok","sidecar_v4.0","rigor_selected_v1","7011227781d12d21","4.0.0","20260515T185121_finger2015_protein_lean_body_mass",0,0.0500000000000001,0.999999999999999,12.16187469688,0.222155609229236,0.0280493199714695,0.194106289257766,-87.3740212687917,TRUE,FALSE,TRUE,TRUE,"inconclusive","inconclusive","moderate_positive","moderate_negative","Effect",0.382823403541878,2,0.5,TRUE
"nutrition_v4","nutrition_domain","protein","protein","finger2015","finger2015",2015,"muscle_mass","finger2015_protein_muscle_mass","nutrition_v4__protein__finger2015__muscle_mass__main","main",NA,NA,10,FALSE,0.121706942187328,-0.0862157100632206,0.323081140094929,0.0243210178340414,-0.0184418186182098,0.230183967524702,0.115696142635901,0.00437379606679334,0.350480537077426,0.0352974200679328,0,0.264302657821846,0.5,0.227266666666667,-0.531493904600731,0.5,0.2975,-0.373159358512549,0.5,0.329,-0.309526622219018,0.5,0.671,0.309526622219018,0.25,0.1706,-0.209663749476832,0.25,0.5004,0.477816126038947,0.25,0.0566666666666667,-0.744216259426354,0.25,0.272333333333333,0.0502895755429387,0.25,0.1706,-0.209663749476832,0.25,0.5004,0.477816126038947,0.477816126038947,"no_effect",0.687479875515779,"inconclusive_clean_evidence",FALSE,TRUE,0,TRUE,TRUE,TRUE,"ok","sidecar_v4.0","rigor_selected_v1","7011227781d12d21","4.0.0","20260515T185128_finger2015_protein_muscle_mass",0,0.0500000000000001,1,0,0.121706942187328,0.0243210178340414,0.0973859243532866,-80.016737421102,TRUE,FALSE,TRUE,FALSE,"moderate_negative","inconclusive","inconclusive","inconclusive","No effect",0.687479875515779,2,0.5,TRUE
"nutrition_v4","nutrition_domain","protein","protein","liao2017","liao2017",2017,"lean_body_mass_excl","liao2017_protein_lean_body_mass_excl","nutrition_v4__protein__liao2017__lean_body_mass__excl","exclusion_sensitivity","liao2017_protein_lean_body_mass","unspecified__see_data_dictionary",15,TRUE,0.434333182497425,0.216354537716852,0.666743901831696,0.0295923251443635,-0.438573841398213,0.503175170086589,0.303342474857138,0.116569669848002,0.528699540663991,0.164183165956047,0,0.476606074622554,0.5,0.3511,-0.266746944693403,0.5,0.6876,0.342624842809752,0.5,0.923033333333333,1.0789147067085,0.5,0.0769666666666667,-1.0789147067085,0.25,0.0762,-0.606501731851265,0.25,0.000766666666666667,-2.63793907718002,0.25,0.2749,0.0558980894358182,0.25,0.648133333333333,0.742407485574155,0.25,0.0762,-0.606501731851265,0.25,0.000766666666666667,-2.63793907718002,-0.606501731851265,"effect",2.03143734532875,"clean_evidence_disfavored",FALSE,TRUE,0,TRUE,TRUE,TRUE,"ok","sidecar_v4.0","rigor_selected_v1","7011227781d12d21","4.0.0","20260515T185131_liao2017_protein_lean_body_mass_excl",0.4,0.112770655604298,0.414081865391192,0,0.434333182497425,0.0295923251443635,0.404740857353061,-93.1867224663317,TRUE,FALSE,TRUE,TRUE,"inconclusive","inconclusive","strong_positive","strong_negative","Effect",2.03143734532875,2,0.5,TRUE
"nutrition_v4","nutrition_domain","protein","protein","liao2017","liao2017",2017,"leg_strength","liao2017_protein_leg_strength","nutrition_v4__protein__liao2017__leg_strength__main","main",NA,NA,14,FALSE,0.632859538542154,0.351813022791121,0.932797665590901,-0.00239542466592223,-0.442794801493711,0.38381576355053,0.414233899593851,0.181914918677758,0.696817147149026,0.109122361455003,0,0.471630080524996,0.5,0.2656,-0.441704597497206,0.5,0.506866666666667,0.0119293717848455,0.5,0.9908,2.03219817056824,0.5,0.0092,-2.03219817056824,0.25,0.00916666666666667,-1.5566679147408,0.25,3.33333333333333e-05,-3.99998552327599,0.25,0.256433333333333,0.0147758198790487,0.25,0.734366666666667,0.918751638373608,0.25,0.00916666666666667,-1.5566679147408,0.25,3.33333333333333e-05,-3.99998552327599,-1.5566679147408,"effect",2.44331760853519,"clean_evidence_disfavored",FALSE,TRUE,0,TRUE,TRUE,TRUE,"ok","sidecar_v4.0","rigor_selected_v1","7011227781d12d21","4.0.0","20260515T185150_liao2017_protein_leg_strength",0.64,0.0590351788248476,0.838897549123637,0,0.632859538542154,0.00239542466592223,0.630464113876232,-100.378508108046,TRUE,TRUE,TRUE,TRUE,"inconclusive","inconclusive","strong_positive","strong_negative","Effect",2.44331760853519,2,0.5,TRUE
"nutrition_v4","nutrition_domain","protein","protein","milne2006","milne2006",2006,"complications","milne2006_protein_complications","nutrition_v4__protein__milne2006__complications__main","main",NA,NA,10,FALSE,0.185833737779103,-0.0278999041616329,0.405480663095151,0.029678484115407,-0.0704684132249684,0.275819986563891,0.147897310994599,0.00611799524869884,0.421035689624104,0.056987075298347,0,0.340624816739334,0.5,0.261633333333333,-0.450579008007558,0.5,0.3759,-0.22018185686707,0.5,0.729266666666667,0.430344632842655,0.5,0.270733333333333,-0.430344632842655,0.25,0.129366666666667,-0.350891647930665,0.25,0.141366666666667,-0.306339471923319,0.25,0.132266666666667,-0.33981461739098,0.25,0.597,0.647790539707922,0.25,0.129366666666667,-0.350891647930665,0.25,0.141366666666667,-0.306339471923319,-0.306339471923319,"no_effect",0.0445521760073462,"inconclusive_clean_evidence",FALSE,TRUE,0,TRUE,TRUE,TRUE,"ok","sidecar_v4.0","rigor_selected_v1","7011227781d12d21","4.0.0","20260515T185155_milne2006_protein_complications",0,0.0513125812290087,0.973073574103692,3.6466701798271,0.185833737779103,0.029678484115407,0.156155253663696,-84.0295500321447,TRUE,FALSE,TRUE,FALSE,"inconclusive","inconclusive","inconclusive","inconclusive","No effect",0.044552176007346,2,0.5,TRUE
"nutrition_v4","nutrition_domain","protein","protein","milne2006","milne2006",2006,"mortality","milne2006_protein_mortality","nutrition_v4__protein__milne2006__mortality__main","main",NA,NA,9,FALSE,0.245404625637399,0.0327637185515381,0.473545354456955,0.0871757035610393,-0.000780129126888187,0.368828899550276,0.142108671094922,0.00635092281124691,0.405807912330585,0.0547189580346276,0,0.340096510664284,0.5,0.453733333333333,-0.0806040148573329,0.5,0.363333333333333,-0.243606869307104,0.5,0.6387,0.247428954589963,0.5,0.3613,-0.247428954589963,0.25,0.2708,0.0469232547498304,0.25,0.0905,-0.525032869474637,0.25,0.182933333333333,-0.172843390534152,0.25,0.455766666666667,0.40007867576923,0.25,0.2708,0.0469232547498304,0.25,0.0905,-0.525032869474637,0.0469232547498304,"effect",0.571956124224467,"inconclusive_clean_evidence",FALSE,TRUE,0,TRUE,TRUE,TRUE,"ok","sidecar_v4.0","rigor_selected_v1","7011227781d12d21","4.0.0","20260515T185200_milne2006_protein_mortality",0.11,0.0721645223920279,0.676696042576584,0,0.245404625637399,0.0871757035610393,0.15822892207636,-64.4767480096944,TRUE,FALSE,TRUE,TRUE,"inconclusive","inconclusive","inconclusive","inconclusive","Effect",0.571956124224467,2,0.5,TRUE
"nutrition_v4","nutrition_domain","protein","protein","morton2018","morton2018",2018,"lean_body_mass","morton2018_protein_lean_body_mass","nutrition_v4__protein__morton2018__lean_body_mass__main","main",NA,NA,26,FALSE,0.194749977606341,0.0699243162353016,0.32388530952352,-0.00123507587524304,-0.229114157157216,0.189003874211751,0.107098556090569,0.00497671024333008,0.269952445216232,0.0217434131358785,0,0.176690767471754,0.5,0.207666666666667,-0.581541135069011,0.5,0.246666666666667,-0.484876719416425,0.5,0.953433333333333,1.311215179991,0.5,0.0465666666666667,-1.311215179991,0.25,0.0420666666666667,-0.880275930816653,0.25,0.0045,-1.86770749586842,0.25,0.1656,-0.225192708249951,0.25,0.787833333333333,1.04687845336892,0.25,0.0420666666666667,-0.880275930816653,0.25,0.0045,-1.86770749586842,-0.880275930816653,"effect",0.987431565051769,"clean_evidence_disfavored",FALSE,TRUE,0,TRUE,TRUE,TRUE,"ok","sidecar_v4.0","rigor_selected_v1","7011227781d12d21","4.0.0","20260515T185219_morton2018_protein_lean_body_mass",0.08,0.0500000000000001,1,0,0.194749977606341,0.00123507587524304,0.193514901731098,-100.634185374716,TRUE,TRUE,TRUE,FALSE,"moderate_negative","inconclusive","strong_positive","strong_negative","Effect",0.987431565051767,3,0.333333333333333,TRUE
"nutrition_v4","nutrition_domain","protein","protein","morton2018","morton2018",2018,"muscle_fiber_size","morton2018_protein_muscle_fiber_size","nutrition_v4__protein__morton2018__muscle_fiber_size__main","main",NA,NA,11,FALSE,0.42863836181893,0.0645652033200216,0.774065631647782,0.201472591186295,-0.0756664886495183,0.6787062918354,0.44274432972058,0.119443862829969,0.787141902066835,0.439441202439401,0,0.799451915619728,0.5,0.5861,0.151076294980859,0.5,0.950433333333333,1.28273194555712,0.5,0.6117,0.197371089951755,0.5,0.3883,-0.197371089951755,0.25,0.316466666666667,0.1426895290641,0.25,0.0718333333333333,-0.634178693009365,0.25,0.269633333333333,0.0443538912803368,0.25,0.342066666666667,0.193050120401877,0.25,0.316466666666667,0.1426895290641,0.25,0.0718333333333333,-0.634178693009365,0.1426895290641,"effect",0.776868222073465,"inconclusive_clean_evidence",FALSE,TRUE,0,TRUE,TRUE,TRUE,"ok","sidecar_v4.0","rigor_selected_v1","7011227781d12d21","4.0.0","20260515T185225_morton2018_protein_muscle_fiber_size",0.45,0.269776094068049,0.142461983232953,0,0.42863836181893,0.201472591186295,0.227165770632635,-52.9970695270147,TRUE,FALSE,TRUE,TRUE,"inconclusive","strong_positive","inconclusive","inconclusive","Effect",0.776868222073465,3,0.333333333333333,TRUE
"nutrition_v4","nutrition_domain","protein","protein","morton2018","morton2018",2018,"muscle_strength","morton2018_protein_muscle_strength","nutrition_v4__protein__morton2018__muscle_strength__main","main",NA,NA,28,FALSE,0.195000514948791,0.0648265111927013,0.329336120435094,0.0369082901181996,-0.115455432010965,0.25564158560179,0.154320640964074,0.0097797185384479,0.336881414812155,0.0657373085252349,0,0.293393375405461,0.5,0.334,-0.299727762358736,0.5,0.443233333333333,-0.0990408123578656,0.5,0.822333333333333,0.665441940463164,0.5,0.177666666666667,-0.665441940463164,0.25,0.161166666666667,-0.239279201594475,0.25,0.0165,-1.29816916532179,0.25,0.172833333333333,-0.20284426408862,0.25,0.6495,0.745012387826032,0.25,0.161166666666667,-0.239279201594475,0.25,0.0165,-1.29816916532179,-0.239279201594475,"effect",1.05888996372731,"inconclusive_clean_evidence",FALSE,TRUE,0,TRUE,TRUE,TRUE,"ok","sidecar_v4.0","rigor_selected_v1","7011227781d12d21","4.0.0","20260515T185229_morton2018_protein_muscle_strength",0.18,0.0602963007877924,0.82025081172956,0,0.195000514948791,0.0369082901181996,0.158092224830591,-81.0727217167134,TRUE,FALSE,TRUE,FALSE,"inconclusive","inconclusive","moderate_positive","moderate_negative","Effect",1.05888996372732,3,0.333333333333333,TRUE
"nutrition_v4","nutrition_domain","protein","protein","nunes2022","nunes2022",2022,"bench_press_strength_excl","nunes2022_protein_bench_press_strength_excl","nutrition_v4__protein__nunes2022__bench_press_strength__excl","exclusion_sensitivity","nunes2022_protein_bench_press_strength","unspecified__see_data_dictionary",47,TRUE,0.119339497336404,0.00934739711709681,0.229942793771422,0.00241102203128624,-0.125821581728964,0.139990487212037,0.126969000503843,0.00599825157599735,0.306589662083624,0.0264368277397936,0,0.20949972090625,0.5,0.183966666666667,-0.646968759833577,0.5,0.2651,-0.442818519646554,0.5,0.878933333333333,0.860931350167974,0.5,0.121066666666667,-0.860931350167974,0.25,0.0597333333333333,-0.719913034909478,0.25,0.0613333333333333,-0.707693572740876,0.25,0.124233333333333,-0.371029018348639,0.25,0.7547,0.965198056504675,0.25,0.0597333333333333,-0.719913034909478,0.25,0.0613333333333333,-0.707693572740876,-0.707693572740876,"no_effect",0.0122194621686024,"clean_evidence_disfavored",FALSE,TRUE,0,TRUE,TRUE,TRUE,"ok","sidecar_v4.0","rigor_selected_v1","7011227781d12d21","4.0.0","20260515T185251_nunes2022_protein_bench_press_strength_excl",0.13,0.0500000000000001,0.999999999999999,61.8193779660271,0.119339497336404,0.00241102203128624,0.116928475305118,-97.979694832726,TRUE,FALSE,TRUE,FALSE,"moderate_negative","inconclusive","moderate_positive","moderate_negative","No effect",0.012219462168602,3,0.333333333333333,TRUE
"nutrition_v4","nutrition_domain","protein","protein","nunes2022","nunes2022",2022,"lean_body_mass_excl","nunes2022_protein_lean_body_mass_excl","nutrition_v4__protein__nunes2022__lean_body_mass__excl","exclusion_sensitivity","nunes2022_protein_lean_body_mass","unspecified__see_data_dictionary",91,TRUE,0.185492652510971,0.113530472900491,0.258715715886683,-0.00903057377559425,-0.131862931308512,0,0.0799248358921177,0.00400384712964214,0.188391795724865,0.0271951598260539,0,0.178402647787477,0.5,0.1299,-0.825960017582874,0.5,0.294333333333333,-0.379760154441843,0.5,1,Inf,0.5,0,-Inf,0.25,0,-Inf,0.25,0,-Inf,0.25,0.1299,-0.348838762863211,0.25,0.8701,1.30308127230254,0.25,0,-Inf,0.25,0,-Inf,-Inf,"effect",NA,"clean_evidence_disfavored",FALSE,TRUE,0,TRUE,TRUE,TRUE,"ok","sidecar_v4.0","rigor_selected_v1","7011227781d12d21","4.0.0","20260515T185255_nunes2022_protein_lean_body_mass_excl",0.1,0.0500000000000001,0.999999999999998,172.42523658918,0.185492652510971,0.00903057377559425,0.176462078735377,-104.868426675315,TRUE,TRUE,TRUE,FALSE,"moderate_negative","inconclusive","strong_positive","strong_negative","Effect",0,3,0.333333333333333,TRUE
"nutrition_v4","nutrition_domain","protein","protein","nunes2022","nunes2022",2022,"leg_strength","nunes2022_protein_leg_strength","nutrition_v4__protein__nunes2022__leg_strength__main","main",NA,NA,34,FALSE,0.345077021198118,0.216664916345425,0.474570439166151,0.0998007412378094,-0.200350782409708,0.416735281771849,0.12269261760646,0.00538532146042525,0.312576137740533,0.0360329373231739,0,0.241992375503163,0.5,0.4782,-0.037894502984446,0.5,0.309866666666667,-0.347758143942351,0.5,0.8009,0.604507033635645,0.5,0.1991,-0.604507033635645,0.25,0.1991,-0.127385778915982,0.25,0,-Inf,0.25,0.2791,0.065006065684731,0.25,0.5218,0.515015757704109,0.25,0.1991,-0.127385778915982,0.25,0,-Inf,-0.127385778915982,"effect",Inf,"inconclusive_clean_evidence",FALSE,TRUE,0,TRUE,TRUE,TRUE,"ok","sidecar_v4.0","rigor_selected_v1","7011227781d12d21","4.0.0","20260515T185304_nunes2022_protein_leg_strength",0.21,0.061024328087762,0.809837226270519,0,0.345077021198118,0.0998007412378094,0.245276279960309,-71.0787055912045,TRUE,FALSE,TRUE,TRUE,"inconclusive","inconclusive","moderate_positive","moderate_negative","Effect",Inf,3,0.333333333333333,TRUE
"nutrition_v4","nutrition_domain","protein","protein","orsso2024","orsso2024",2024,"body_weight","orsso2024_protein_body_weight","nutrition_v4__protein__orsso2024__body_weight__main","main",NA,NA,14,FALSE,0.341574708736982,0.0374179685427342,0.640738127199762,0.136461582139591,-0.08521886913866,0.567328269303253,0.526808963993176,0.337490504726238,0.780505322191634,0.548306323904835,0.350977829718903,0.805685819138876,0.5,0.5005,0.000868589253336409,0.5,1,Inf,0.5,0.5708,0.123824251148696,0.5,0.4292,-0.123824251148696,0.25,0.310466666666667,0.130580967968362,0.25,0.118733333333333,-0.393413428401784,0.25,0.190033333333333,-0.152516105305866,0.25,0.380766666666667,0.265925850416437,0.25,0.310466666666667,0.130580967968362,0.25,0.118733333333333,-0.393413428401784,0.130580967968362,"effect",0.523994396370146,"inconclusive_clean_evidence",FALSE,TRUE,0,TRUE,TRUE,TRUE,"ok","sidecar_v4.0","rigor_selected_v1","7011227781d12d21","4.0.0","20260515T185339_orsso2024_protein_body_weight",0.36,0.488710142735145,0.0550632985448023,0,0.341574708736982,0.136461582139591,0.205113126597391,-60.0492721946025,TRUE,FALSE,TRUE,TRUE,"inconclusive","strong_positive","inconclusive","inconclusive","Effect",0.523994396370146,1,1,TRUE
"nutrition_v4","nutrition_domain","protein","protein","schoenfeld2017","schoenfeld2017",2017,"muscle_size","schoenfeld2017_protein_muscle_size","nutrition_v4__protein__schoenfeld2017__muscle_size__main","main",NA,NA,23,FALSE,0.389216300894565,0.198715509537407,0.584578111704714,0.146293402713421,-0.240563239002777,0.519498750273677,0.254044133393821,0.0220053415022874,0.503810516792362,0.170299699143515,0,0.507042454125357,0.5,0.548533333333333,0.0845773335857887,0.5,0.6578,0.283813863941554,0.5,0.669066666666667,0.305728879815881,0.5,0.330933333333333,-0.305728879815881,0.25,0.328933333333333,0.167463473812259,0.25,0.002,-2.22097929090373,0.25,0.2196,-0.0735636702247637,0.25,0.449466666666667,0.389035124365932,0.25,0.328933333333333,0.167463473812259,0.25,0.002,-2.22097929090373,0.167463473812259,"effect",2.38844276471599,"inconclusive_clean_evidence",FALSE,TRUE,0,TRUE,TRUE,TRUE,"ok","sidecar_v4.0","rigor_selected_v1","7011227781d12d21","4.0.0","20260515T185348_schoenfeld2017_protein_muscle_size",0.09,0.137562139435552,0.329970636889233,0,0.389216300894565,0.146293402713421,0.242922898181144,-62.4133412765128,TRUE,FALSE,TRUE,TRUE,"inconclusive","inconclusive","inconclusive","inconclusive","Effect",2.38844276471599,2,0.5,TRUE
"nutrition_v4","nutrition_domain","protein","protein","schoenfeld2017","schoenfeld2017",2017,"muscle_strength","schoenfeld2017_protein_muscle_strength","nutrition_v4__protein__schoenfeld2017__muscle_strength__main","main",NA,NA,20,FALSE,0.281972552039937,0.105640102331944,0.461261182912951,0.0797895394306191,-0.283290198693448,0.398772823270421,0.132820007218432,0.00538476141333741,0.366362172113751,0.0440849072482453,0,0.29044717201268,0.5,0.474166666666667,-0.0449170928490632,0.5,0.3292,-0.309133227393816,0.5,0.725433333333333,0.421949696073765,0.5,0.274566666666667,-0.421949696073765,0.25,0.262433333333333,0.0283389703078455,0.25,0.0121333333333333,-1.43359694774165,0.25,0.211733333333333,-0.0937626725760295,0.25,0.5137,0.500926550875822,0.25,0.262433333333333,0.0283389703078455,0.25,0.0121333333333333,-1.43359694774165,0.0283389703078455,"effect",1.4619359180495,"inconclusive_clean_evidence",FALSE,TRUE,0,TRUE,TRUE,TRUE,"ok","sidecar_v4.0","rigor_selected_v1","7011227781d12d21","4.0.0","20260515T185405_schoenfeld2017_protein_muscle_strength",0.15,0.0618465379995787,0.798371253367313,0,0.281972552039937,0.0797895394306191,0.202183012609318,-71.7030828520791,TRUE,FALSE,TRUE,TRUE,"inconclusive","inconclusive","inconclusive","inconclusive","Effect",1.4619359180495,2,0.5,TRUE
"nutrition_v4","nutrition_domain","protein","protein","wycherley2010","wycherley2010",2010,"body_weight","wycherley2010_protein_body_weight","nutrition_v4__protein__wycherley2010__body_weight__main","main",NA,NA,23,FALSE,0.232512223076278,0.00188479535593007,0.467994149286791,0.0440846591013201,-0.14217674715096,0.36030966029972,0.440624470117985,0.243635929336487,0.685070624570789,0.430593019040206,0.231021713333235,0.675788155048455,0.5,0.317266666666667,-0.33282666134081,0.5,0.999633333333333,3.43556929905008,0.5,0.689366666666667,0.346202222880925,0.5,0.310633333333333,-0.346202222880925,0.25,0.1731,-0.202034669334607,0.25,0.137533333333333,-0.320213095456033,0.25,0.144166666666667,-0.29640308574882,0.25,0.5452,0.555856645866601,0.25,0.1731,-0.202034669334607,0.25,0.137533333333333,-0.320213095456033,-0.202034669334607,"effect",0.118178426121426,"inconclusive_clean_evidence",FALSE,TRUE,0,TRUE,TRUE,TRUE,"ok","sidecar_v4.0","rigor_selected_v1","7011227781d12d21","4.0.0","20260515T185408_wycherley2010_protein_body_weight",0.22,0.251055864617862,0.157009330317012,0,0.232512223076278,0.0440846591013201,0.188427563974958,-81.0398530803872,TRUE,FALSE,TRUE,TRUE,"inconclusive","strong_positive","inconclusive","inconclusive","Effect",0.118178426121426,4,0.25,TRUE
"nutrition_v4","nutrition_domain","protein","protein","wycherley2010","wycherley2010",2010,"fat_mass","wycherley2010_protein_fat_mass","nutrition_v4__protein__wycherley2010__fat_mass__main","main",NA,NA,18,FALSE,0.304005144504341,0.149092555888804,0.457340365291995,0.18057006007172,0,0.414513277470838,0.103261800591859,0.00409828457322149,0.300841270971892,0.0312747983258237,0,0.23200529343873,0.5,0.7232,0.417092331682587,0.5,0.282466666666667,-0.404874876274616,0.5,0.672233333333333,0.311955259132542,0.5,0.327766666666667,-0.311955259132542,0.25,0.325966666666667,0.161613071663197,0.25,0.0018,-2.26682380570714,0.25,0.397233333333333,0.296017711765712,0.25,0.275,0.0561159419789315,0.25,0.325966666666667,0.161613071663197,0.25,0.0018,-2.26682380570714,0.161613071663197,"effect",2.42843687737033,"inconclusive_clean_evidence",FALSE,TRUE,0,TRUE,TRUE,TRUE,"ok","sidecar_v4.0","rigor_selected_v1","7011227781d12d21","4.0.0","20260515T185418_wycherley2010_protein_fat_mass",0.28,0.111800188874123,0.418133091436047,3.68710011727037,0.304005144504341,0.18057006007172,0.123435084432621,-40.6029590827725,FALSE,FALSE,TRUE,TRUE,"inconclusive","inconclusive","inconclusive","inconclusive","Effect",2.42843687737034,4,0.25,TRUE
"nutrition_v4","nutrition_domain","protein","protein","wycherley2010","wycherley2010",2010,"lean_body_mass","wycherley2010_protein_lean_body_mass","nutrition_v4__protein__wycherley2010__lean_body_mass__main","main",NA,NA,17,FALSE,0.228163980957668,0.0543198030232399,0.402166611308523,0.111360622772043,0,0.337091742401893,0.165647844146244,0.00876888015080652,0.407208974412197,0.0783663999205549,0,0.375780336523869,0.5,0.587566666666667,0.153703391584883,0.5,0.446666666666667,-0.0930032896752475,0.5,0.651033333333333,0.270819280214609,0.5,0.348966666666667,-0.270819280214609,0.25,0.300533333333333,0.110246880175415,0.25,0.0484333333333333,-0.816173606019411,0.25,0.287033333333333,0.0819843634761621,0.25,0.364,0.234765522720305,0.25,0.300533333333333,0.110246880175415,0.25,0.0484333333333333,-0.816173606019411,0.110246880175415,"effect",0.926420486194827,"inconclusive_clean_evidence",FALSE,TRUE,0,TRUE,TRUE,TRUE,"ok","sidecar_v4.0","rigor_selected_v1","7011227781d12d21","4.0.0","20260515T185434_wycherley2010_protein_lean_body_mass",0.29,0.0937404978293139,0.508828919025873,0,0.228163980957668,0.111360622772043,0.116803358185625,-51.1927245025129,TRUE,FALSE,TRUE,TRUE,"inconclusive","inconclusive","inconclusive","inconclusive","Effect",0.926420486194826,4,0.25,TRUE
"nutrition_v4","nutrition_domain","protein","protein","wycherley2010","wycherley2010",2010,"triglycerides","wycherley2010_protein_triglycerides","nutrition_v4__protein__wycherley2010__triglycerides__main","main",NA,NA,13,FALSE,0.352540671655014,0.153870710843336,0.563428125594254,0.0604110140589558,-0.163343064506137,0.429110926596244,0.137172264338843,0.00536004775267378,0.403493978270679,0.0377516434820274,0,0.278342683200463,0.5,0.343466666666667,-0.281372185571504,0.5,0.298233333333333,-0.371636553118766,0.5,0.876666666666667,0.851754024422763,0.5,0.123333333333333,-0.851754024422763,0.25,0.1222,-0.379203115882757,0.25,0.00113333333333333,-2.46802860342044,0.25,0.221266666666667,-0.0693515168032162,0.25,0.6554,0.75631241865401,0.25,0.1222,-0.379203115882757,0.25,0.00113333333333333,-2.46802860342044,-0.379203115882757,"effect",2.08882548753768,"inconclusive_clean_evidence",FALSE,TRUE,0,TRUE,TRUE,TRUE,"ok","sidecar_v4.0","rigor_selected_v1","7011227781d12d21","4.0.0","20260515T185439_wycherley2010_protein_triglycerides",0.15,0.0503746807148076,0.992170655042845,0,0.352540671655014,0.0604110140589558,0.292129657596058,-82.8641008212317,TRUE,FALSE,TRUE,TRUE,"inconclusive","inconclusive","moderate_positive","moderate_negative","Effect",2.08882548753768,4,0.25,TRUE
"nutrition_v4","nutrition_domain","vitamind","vitamind","autier2007","autier2007",2007,"total_mortality","autier2007_vitamind_total_mortality","nutrition_v4__vitamind__autier2007__total_mortality__main","main",NA,NA,18,FALSE,0.0380320783556519,-0.00963462114091478,0.0804288430764063,0.00956037195368983,0,0.0621136252202248,0.0292292361841219,0.00106378163189794,0.099299268448512,0.00581002323093354,0,0.066109586782476,0.5,0.2377,-0.506096738041852,0.5,0.144,-0.774111272581904,0.5,0.265033333333333,-0.442967144004616,0.5,0.734966666666667,0.442967144004616,0.25,0.201333333333333,-0.12132862037648,0.25,0.533633333333333,0.535636702750124,0.25,0.0363666666666667,-0.946087063810138,0.25,0.228666666666667,-0.0509179841893166,0.25,0.201333333333333,-0.12132862037648,0.25,0.533633333333333,0.535636702750124,0.535636702750124,"no_effect",0.656965323126603,"clean_no_effect_supported",FALSE,TRUE,0,TRUE,TRUE,TRUE,"ok","sidecar_v4.0","rigor_selected_v1","7011227781d12d21","4.0.0","20260515T185450_autier2007_vitamind_total_mortality",0.06,0.0500000000000001,1,0,0.0380320783556519,0.00956037195368983,0.0284717064019621,-74.8623468213141,TRUE,FALSE,TRUE,FALSE,"moderate_negative","moderate_negative","inconclusive","inconclusive","No effect",0.656965323126604,1,1,TRUE
"nutrition_v4","nutrition_domain","vitamind","vitamind","bergman2013","bergman2013",2013,"respiratory_tract_infection","bergman2013_vitamind_respiratory_tract_infection","nutrition_v4__vitamind__bergman2013__respiratory_tract_infection__main","main",NA,NA,11,FALSE,0.234398245899471,0.0859609726162146,0.404992417880954,-0.00448456832774996,-0.127368213860484,0.0712363427733475,0.194388285569808,0.0849554681347674,0.370681454978862,0.0329363275600695,0,0.21112480914952,0.5,0.1555,-0.734869260544171,0.5,0.326533333333333,-0.314388583387635,0.5,0.992033333333333,2.09524961890908,0.5,0.00796666666666667,-2.09524961890908,0.25,0.0073,-1.6563739070394,0.25,0.000666666666666667,-2.69868037812862,0.25,0.1482,-0.282368177374758,0.25,0.843833333333333,1.20978959121873,0.25,0.0073,-1.6563739070394,0.25,0.000666666666666667,-2.69868037812862,-1.6563739070394,"effect",1.04230647108922,"clean_evidence_disfavored",FALSE,TRUE,0,TRUE,TRUE,TRUE,"ok","sidecar_v4.0","rigor_selected_v1","7011227781d12d21","4.0.0","20260515T185506_bergman2013_vitamind_respiratory_tract_infection",0.55,0.0500000000000001,1,0,0.234398245899471,0.00448456832774996,0.229913677571721,-101.913226061288,TRUE,TRUE,TRUE,TRUE,"moderate_negative","inconclusive","strong_positive","strong_negative","Effect",1.04230647108922,1,1,TRUE
"nutrition_v4","nutrition_domain","vitamind","vitamind","beveridge2015","beveridge2015",2015,"systolic_blood_pressure","beveridge2015_vitamind_systolic_blood_pressure","nutrition_v4__vitamind__beveridge2015__systolic_blood_pressure__main","main",NA,NA,46,FALSE,0.00817968828929878,-0.0573437506339184,0.0733706279673235,-5.85770262489552e-05,0,0,0.0743575308799097,0.00355019301704893,0.183226909192998,0.0137849602032881,0,0.126217273925601,0.5,0.0455666666666667,-1.32109833869964,0.5,0.204133333333333,-0.590926388193413,0.5,0.3028,-0.36220150760992,0.5,0.6972,0.36220150760992,0.25,0.0306666666666667,-1.02268532012178,0.25,0.666533333333333,0.77789069974175,0.25,0.0149,-1.34317279593806,0.25,0.2879,0.0838219338279457,0.25,0.0306666666666667,-1.02268532012178,0.25,0.666533333333333,0.77789069974175,0.77789069974175,"no_effect",1.80057601986353,"clean_no_effect_supported",FALSE,TRUE,0,TRUE,TRUE,TRUE,"ok","sidecar_v4.0","rigor_selected_v1","7011227781d12d21","4.0.0","20260515T185509_beveridge2015_vitamind_systolic_blood_pressure",0.09,0.0500000000000001,1,0,0.00817968828929878,5.85770262489552e-05,0.00812111126304983,-100.716127854476,TRUE,TRUE,TRUE,FALSE,"strong_negative","moderate_negative","inconclusive","inconclusive","No effect",1.80057601986353,1,1,TRUE
"nutrition_v4","nutrition_domain","vitamind","vitamind","bischoffferrari2005","bischoffferrari2005",2005,"nonvertebral_fracture","bischoffferrari2005_vitamind_nonvertebral_fracture","nutrition_v4__vitamind__bischoffferrari2005__nonvertebral_fracture__main","main",NA,NA,5,FALSE,0.171357783956755,0.0298606527984926,0.363259245712053,0.0689843034036873,0,0.214201806956269,0.104588585323385,0.00341708875642199,0.355146766970888,0.0445942060746422,0,0.287733057996891,0.5,0.544466666666667,0.0774511348658151,0.5,0.345833333333333,-0.27682156003316,0.5,0.775366666666667,0.538032924921265,0.5,0.224633333333333,-0.538032924921265,0.25,0.200033333333333,-0.124848264245432,0.25,0.0246,-1.12112638943251,0.25,0.344433333333333,0.197609566325368,0.25,0.430933333333333,0.356368196069779,0.25,0.200033333333333,-0.124848264245432,0.25,0.0246,-1.12112638943251,-0.124848264245432,"effect",0.996278125187074,"inconclusive_clean_evidence",FALSE,TRUE,0,TRUE,TRUE,TRUE,"ok","sidecar_v4.0","rigor_selected_v1","7011227781d12d21","4.0.0","20260515T185520_bischoffferrari2005_vitamind_nonvertebral_fracture",0.6,0.228886553790352,0.177314642992722,0,0.171357783956755,0.0689843034036873,0.102373480553068,-59.7425329560187,TRUE,FALSE,TRUE,FALSE,"inconclusive","inconclusive","moderate_positive","moderate_negative","Effect",0.996278125187078,1,1,TRUE
"nutrition_v4","nutrition_domain","vitamind","vitamind","bischoffferrari2009","bischoffferrari2009",2009,"falls","bischoffferrari2009_vitamind_falls","nutrition_v4__vitamind__bischoffferrari2009__falls__main","main",NA,NA,7,FALSE,0.129188132940994,0.0302846048441918,0.261161981263116,0.0124756249152485,0,0.118299846922768,0.0946010318699095,0.00639070192664184,0.262142168133953,0.0173455782347636,0,0.163653720802114,0.5,0.182,-0.652681915686248,0.5,0.211566666666667,-0.571317733475197,0.5,0.9402,1.19651906286382,0.5,0.0598,-1.19651906286382,0.25,0.0511,-0.79167829178101,0.25,0.0087,-1.57956459884004,0.25,0.1309,-0.345008848653006,0.25,0.8093,1.10488010206621,0.25,0.0511,-0.79167829178101,0.25,0.0087,-1.57956459884004,-0.79167829178101,"effect",0.787886307059033,"clean_evidence_disfavored",FALSE,TRUE,0,TRUE,TRUE,TRUE,"ok","sidecar_v4.0","rigor_selected_v1","7011227781d12d21","4.0.0","20260515T185535_bischoffferrari2009_vitamind_falls",0.14,0.0500000000000001,1,0,0.129188132940994,0.0124756249152485,0.116712508025745,-90.3430565708797,TRUE,FALSE,TRUE,FALSE,"moderate_negative","moderate_negative","strong_positive","strong_negative","Effect",0.78788630705903,1,1,TRUE
"nutrition_v4","nutrition_domain","vitamind","vitamind","bjelakovic2014","bjelakovic2014",2014,"all_cause_mortality","bjelakovic2014_vitamind_all_cause_mortality","nutrition_v4__vitamind__bjelakovic2014__all_cause_mortality__main","main",NA,NA,56,FALSE,0.0189769281157045,-0.00552488587506447,0.0445200142941221,0.00144304873968651,0,0.0217545313901247,0.0242622224599759,0.00102362133618162,0.0681490430860553,0.0035473591120667,0,0.0415861537478017,0.5,0.0841333333333333,-1.0368641571323,0.5,0.1281,-0.832917547918843,0.5,0.318666666666667,-0.330022999186575,0.5,0.681333333333333,0.330022999186575,0.25,0.0702333333333333,-0.644709436501146,0.25,0.6111,0.673395595292029,0.25,0.0139,-1.37378490382753,0.25,0.304766666666667,0.118958133347305,0.25,0.0702333333333333,-0.644709436501146,0.25,0.6111,0.673395595292029,0.673395595292029,"no_effect",1.31810503179317,"clean_no_effect_supported",FALSE,TRUE,0,TRUE,TRUE,TRUE,"ok","sidecar_v4.0","rigor_selected_v1","7011227781d12d21","4.0.0","20260515T185544_bjelakovic2014_vitamind_all_cause_mortality",0.04,0.0500000000000001,0.999999999999999,0,0.0189769281157045,0.00144304873968651,0.017533879376018,-92.3957727463155,TRUE,FALSE,TRUE,FALSE,"strong_negative","moderate_negative","inconclusive","inconclusive","No effect",1.31810503179317,1,1,TRUE
"nutrition_v4","nutrition_domain","vitamind","vitamind","chen2024","chen2024",2024,"fasting_blood_glucose","chen2024_vitamind_fasting_blood_glucose","nutrition_v4__vitamind__chen2024__fasting_blood_glucose__main","main",NA,NA,30,FALSE,0.315538110037988,0.117943743468712,0.515047578423021,0.0907270971936475,-0.122040526252768,0.442380536711981,0.482547829698157,0.317390234015219,0.688451978388077,0.484888441469095,0.314100661045676,0.698420377437679,0.5,0.426866666666667,-0.127963424914088,0.5,1,Inf,0.5,0.7523,0.482465055233351,0.5,0.2477,-0.482465055233351,0.25,0.230733333333333,-0.0458453193379927,0.25,0.0169666666666667,-1.28585046208468,0.25,0.196133333333333,-0.13551135641816,0.25,0.556166666666667,0.575106294935514,0.25,0.230733333333333,-0.0458453193379927,0.25,0.0169666666666667,-1.28585046208468,-0.0458453193379927,"effect",1.24000514274669,"inconclusive_clean_evidence",FALSE,TRUE,0,TRUE,TRUE,TRUE,"ok","sidecar_v4.0","rigor_selected_v1","7011227781d12d21","4.0.0","20260515T185549_chen2024_vitamind_fasting_blood_glucose",0.2,0.39733090996138,0.0798312565674716,0,0.315538110037988,0.0907270971936475,0.22481101284434,-71.2468654950349,TRUE,FALSE,TRUE,TRUE,"inconclusive","strong_positive","inconclusive","inconclusive","Effect",1.24000514274669,4,0.25,TRUE
"nutrition_v4","nutrition_domain","vitamind","vitamind","chen2024","chen2024",2024,"fasting_insulin","chen2024_vitamind_fasting_insulin","nutrition_v4__vitamind__chen2024__fasting_insulin__main","main",NA,NA,18,FALSE,0.379955640962363,0.10214060417522,0.663182158043966,0.0865347607881508,-0.252707503422467,0.548822277899318,0.534866101497793,0.312717347616871,0.810970534472636,0.50153358341165,0.257929466655365,0.790910148852089,0.5,0.410166666666667,-0.157768948934712,0.5,0.998766666666667,2.90838357021475,0.5,0.787833333333333,0.569757198649259,0.5,0.212166666666667,-0.569757198649259,0.25,0.182466666666667,-0.17420067613296,0.25,0.0297,-1.03702832734385,0.25,0.2277,-0.0533017495035663,0.25,0.560133333333333,0.582091620712311,0.25,0.182466666666667,-0.17420067613296,0.25,0.0297,-1.03702832734385,-0.17420067613296,"effect",0.862827651210886,"inconclusive_clean_evidence",FALSE,TRUE,0,TRUE,TRUE,TRUE,"ok","sidecar_v4.0","rigor_selected_v1","7011227781d12d21","4.0.0","20260515T185606_chen2024_vitamind_fasting_insulin",0.28,0.399539689395167,0.0790989608326115,0,0.379955640962363,0.0865347607881508,0.293420880174212,-77.2250359097254,TRUE,FALSE,TRUE,TRUE,"inconclusive","strong_positive","moderate_positive","moderate_negative","Effect",0.86282765121089,4,0.25,TRUE
"nutrition_v4","nutrition_domain","vitamind","vitamind","chen2024","chen2024",2024,"hba1c","chen2024_vitamind_hba1c","nutrition_v4__vitamind__chen2024__hba1c__main","main",NA,NA,36,FALSE,0.312339927580458,0.177229686604969,0.448397601889972,0.222284416846551,0,0.433317542392106,0.320419295180691,0.205278858912861,0.457637179733786,0.335000305436373,0.210177944597881,0.498319312444169,0.5,0.774733333333333,0.536455309411568,0.5,0.999966666666667,4.4771067779957,0.5,0.4028,-0.171030337171407,0.5,0.5972,0.171030337171407,0.25,0.596366666666667,0.646647591237323,0.25,0.000833333333333333,-2.60169792837919,0.25,0.178366666666667,-0.18624309912455,0.25,0.224433333333333,-0.0614105206553026,0.25,0.596366666666667,0.646647591237323,0.25,0.000833333333333333,-2.60169792837919,0.646647591237323,"effect",3.24834551961651,"clean_effect_supported",FALSE,TRUE,0,TRUE,TRUE,TRUE,"ok","sidecar_v4.0","rigor_selected_v1","7011227781d12d21","4.0.0","20260515T185620_chen2024_vitamind_hba1c",0.28,0.346039502711987,0.0994654465957898,0,0.312339927580458,0.222284416846551,0.090055510733907,-28.8325323731494,FALSE,FALSE,TRUE,TRUE,"moderate_positive","strong_positive","inconclusive","inconclusive","Effect",3.24834551961651,4,0.25,TRUE
"nutrition_v4","nutrition_domain","vitamind","vitamind","chen2024","chen2024",2024,"homa_ir_excl","chen2024_vitamind_homa_ir_excl","nutrition_v4__vitamind__chen2024__homa_ir__excl","exclusion_sensitivity","chen2024_vitamind_homa_ir","unspecified__see_data_dictionary",15,TRUE,0.191680360337608,0.0315146410032813,0.354599678714839,0.0684236401416645,-0.00858303691433524,0.292766316340735,0.196101052144152,0.0310959592249382,0.385834235860254,0.174791260995246,0,0.39472311106591,0.5,0.4326,-0.117802816356761,0.5,0.824666666666667,0.672413951139363,0.5,0.622466666666667,0.217160797180325,0.5,0.377533333333333,-0.217160797180325,0.25,0.2701,0.0453824752566325,0.25,0.107433333333333,-0.442380358357802,0.25,0.1625,-0.235010195674327,0.25,0.459966666666667,0.407427047349373,0.25,0.2701,0.0453824752566325,0.25,0.107433333333333,-0.442380358357802,0.0453824752566325,"effect",0.487762833614434,"inconclusive_clean_evidence",FALSE,TRUE,0,TRUE,TRUE,TRUE,"ok","sidecar_v4.0","rigor_selected_v1","7011227781d12d21","4.0.0","20260515T185622_chen2024_vitamind_homa_ir_excl",0.2,0.168873898836002,0.259030432852739,0,0.191680360337608,0.0684236401416645,0.123256720195943,-64.3032598534615,TRUE,FALSE,TRUE,FALSE,"inconclusive","moderate_positive","inconclusive","inconclusive","Effect",0.487762833614435,4,0.25,TRUE
"nutrition_v4","nutrition_domain","vitamind","vitamind","jolliffe2021","jolliffe2021",2021,"acute_respiratory_infections","jolliffe2021_vitamind_acute_respiratory_infections","nutrition_v4__vitamind__jolliffe2021__acute_respiratory_infections__main","main",NA,NA,37,FALSE,0.0409401413507889,0.00112200577199334,0.101538628318113,5.94544398134665e-05,0,0,0.0528240522620434,0.00186761677481558,0.139750571759159,0.00113520511386052,0,0.0156926820000316,0.5,0.0200333333333333,-1.68945808623704,0.5,0.0537,-1.24605455439157,0.5,0.993733333333333,2.20023326329453,0.5,0.00626666666666667,-2.20023326329453,0.25,0.000633333333333333,-2.72097125873833,0.25,0.00563333333333333,-1.76965985276834,0.25,0.0194,-1.22656890426027,0.25,0.974333333333333,2.05645934490462,0.25,0.000633333333333333,-2.72097125873833,0.25,0.00563333333333333,-1.76965985276834,-1.76965985276834,"no_effect",0.951311405969998,"clean_evidence_disfavored",FALSE,TRUE,0,TRUE,TRUE,TRUE,"ok","sidecar_v4.0","rigor_selected_v1","7011227781d12d21","4.0.0","20260515T185637_jolliffe2021_vitamind_acute_respiratory_infections",0.22,0.0500000000000001,1,88.7976211447856,0.0409401413507889,5.94544398134665e-05,0.0408806869109754,-99.8547771506111,TRUE,FALSE,TRUE,FALSE,"strong_negative","strong_negative","strong_positive","strong_negative","No effect",0.95131140596999,1,1,TRUE
"nutrition_v4","nutrition_domain","vitamind","vitamind","juraschek2012","juraschek2012",2012,"diastolic_blood_pressure","juraschek2012_vitamind_diastolic_blood_pressure","nutrition_v4__vitamind__juraschek2012__diastolic_blood_pressure__main","main",NA,NA,29,FALSE,0.190297620786404,-0.0196061828839455,0.396588743819395,0.0571201192609865,-0.0333544907118524,0.333036315935832,0.494515814210543,0.351260565894977,0.680074052210938,0.507385074614871,0.360591683983722,0.692269816581049,0.5,0.352533333333333,-0.264017227253598,0.5,1,Inf,0.5,0.3898,-0.194630368524786,0.5,0.6102,0.194630368524786,0.25,0.2674,0.039415743317102,0.25,0.3428,0.194464513207799,0.25,0.0851333333333333,-0.554136911357258,0.25,0.304666666666667,0.118753146362982,0.25,0.2674,0.039415743317102,0.25,0.3428,0.194464513207799,0.194464513207799,"no_effect",0.155048769890697,"inconclusive_clean_evidence",FALSE,TRUE,0,TRUE,TRUE,TRUE,"ok","sidecar_v4.0","rigor_selected_v1","7011227781d12d21","4.0.0","20260515T185653_juraschek2012_vitamind_diastolic_blood_pressure",0.38,0.365207670709172,0.0914825324731768,0,0.190297620786404,0.0571201192609865,0.133177501525417,-69.9837974721187,TRUE,FALSE,TRUE,FALSE,"inconclusive","strong_positive","inconclusive","inconclusive","No effect",0.155048769890697,2,0.5,TRUE
"nutrition_v4","nutrition_domain","vitamind","vitamind","juraschek2012","juraschek2012",2012,"systolic_blood_pressure","juraschek2012_vitamind_systolic_blood_pressure","nutrition_v4__vitamind__juraschek2012__systolic_blood_pressure__main","main",NA,NA,31,FALSE,0.41398303113723,0.234534482829065,0.591113374641324,0.28594319782636,0,0.568767940121056,0.419288538436263,0.296070359946513,0.575873340804764,0.438757184781679,0.305382951370868,0.616187209649568,0.5,0.774766666666667,0.536538263285563,0.5,1,Inf,0.5,0.465633333333333,-0.0597952967649472,0.5,0.534366666666667,0.0597952967649472,0.25,0.5339,0.536102072644986,0.25,0.000466666666666667,-2.85366924625898,0.25,0.240866666666667,-0.0214201043622332,0.25,0.224766666666667,-0.0605792784779072,0.25,0.5339,0.536102072644986,0.25,0.000466666666666667,-2.85366924625898,0.536102072644986,"effect",3.38977131890397,"clean_effect_supported",FALSE,TRUE,0,TRUE,TRUE,TRUE,"ok","sidecar_v4.0","rigor_selected_v1","7011227781d12d21","4.0.0","20260515T185655_juraschek2012_vitamind_systolic_blood_pressure",0.42,0.41116549490053,0.0753742474173372,0,0.41398303113723,0.28594319782636,0.12803983331087,-30.9287636643316,FALSE,FALSE,TRUE,TRUE,"moderate_positive","strong_positive","inconclusive","inconclusive","Effect",3.38977131890397,2,0.5,TRUE
"nutrition_v4","nutrition_domain","vitamind","vitamind","macpherson2013","macpherson2013",2013,"all_cause_mortality","macpherson2013_vitamind_all_cause_mortality","nutrition_v4__vitamind__macpherson2013__all_cause_mortality__main","main",NA,NA,21,FALSE,0.0169992090609568,-0.024742121639895,0.0660570816520272,0.000240997738380478,0,0,0.0364258977598288,0.00194993511285764,0.10951668473371,0.00286056792688672,0,0.0375519667254017,0.5,0.0239333333333333,-1.61047629205458,0.5,0.101633333333333,-0.946417459681484,0.5,0.322166666666667,-0.323042318376035,0.5,0.677833333333333,0.323042318376035,0.25,0.0174666666666667,-1.27301600614736,0.25,0.660366666666667,0.765896090456758,0.25,0.00646666666666667,-1.70938071246667,0.25,0.3157,0.141149296615569,0.25,0.0174666666666667,-1.27301600614736,0.25,0.660366666666667,0.765896090456758,0.765896090456758,"no_effect",2.03891209660412,"clean_no_effect_supported",FALSE,TRUE,0,TRUE,TRUE,TRUE,"ok","sidecar_v4.0","rigor_selected_v1","7011227781d12d21","4.0.0","20260515T185717_macpherson2013_vitamind_all_cause_mortality",0,0.0500000000000001,1,0,0.0169992090609568,0.000240997738380478,0.0167582113225763,-98.5823002851704,TRUE,FALSE,TRUE,FALSE,"strong_negative","moderate_negative","inconclusive","inconclusive","No effect",2.03891209660412,1,1,TRUE
"nutrition_v4","nutrition_domain","vitamind","vitamind","martineau2017","martineau2017",2017,"respiratory_tract_infections","martineau2017_vitamind_respiratory_tract_infections","nutrition_v4__vitamind__martineau2017__respiratory_tract_infections__main","main",NA,NA,24,FALSE,0.126605464966869,0.0362844155060756,0.229627479203377,0.000422478666613983,-0.0460571684814629,0.0529151152646455,0.156718797207196,0.0661521773169902,0.268652973709452,0.0418010732888003,0,0.197996457475565,0.5,0.0991,-0.958602932433368,0.5,0.391933333333333,-0.19073899553776,0.5,0.987333333333333,1.89180145756838,0.5,0.0126666666666667,-1.89180145756838,0.25,0.00973333333333333,-1.53036930907548,0.25,0.00293333333333333,-2.05424152527633,0.25,0.0893666666666667,-0.531046729439076,0.25,0.897966666666667,1.42163939540527,0.25,0.00973333333333333,-1.53036930907548,0.25,0.00293333333333333,-2.05424152527633,-1.53036930907548,"effect",0.523872216200853,"clean_evidence_disfavored",FALSE,TRUE,0,TRUE,TRUE,TRUE,"ok","sidecar_v4.0","rigor_selected_v1","7011227781d12d21","4.0.0","20260515T185725_martineau2017_vitamind_respiratory_tract_infections",0.33,0.0500000000000001,1,73.2272650342653,0.126605464966869,0.000422478666613983,0.126182986300255,-99.6663029777391,TRUE,FALSE,TRUE,FALSE,"moderate_negative","inconclusive","strong_positive","strong_negative","Effect",0.52387221620085,1,1,TRUE
"nutrition_v4","nutrition_domain","vitamind","vitamind","mayowilson2011","mayowilson2011",2011,"all_cause_mortality","mayowilson2011_vitamind_all_cause_mortality","nutrition_v4__vitamind__mayowilson2011__all_cause_mortality__main","main",NA,NA,16,FALSE,0.18831287956296,0.0874709696933703,0.315145668502478,0.0553897062082472,0,0.226665667753867,0.132089765347227,0.0179717034120979,0.29124493109896,0.0692800409923777,0,0.251888877494077,0.5,0.444266666666667,-0.097222717556718,0.5,0.559833333333333,0.10444160263474,0.5,0.8819,0.873169444989548,0.5,0.1181,-0.873169444989548,0.25,0.115733333333333,-0.406003537646063,0.25,0.00236666666666667,-2.14771260281885,0.25,0.328533333333333,0.166676236776225,0.25,0.553366666666667,0.57018311717046,0.25,0.115733333333333,-0.406003537646063,0.25,0.00236666666666667,-2.14771260281885,-0.406003537646063,"effect",1.74170906517279,"inconclusive_clean_evidence",FALSE,TRUE,0,TRUE,TRUE,TRUE,"ok","sidecar_v4.0","rigor_selected_v1","7011227781d12d21","4.0.0","20260515T185730_mayowilson2011_vitamind_all_cause_mortality",0.44,0.145601704335042,0.308844815870201,0,0.18831287956296,0.0553897062082472,0.132923173354713,-70.5863420830287,TRUE,FALSE,TRUE,FALSE,"inconclusive","inconclusive","moderate_positive","moderate_negative","Effect",1.74170906517279,2,0.5,TRUE
"nutrition_v4","nutrition_domain","vitamind","vitamind","mayowilson2011","mayowilson2011",2011,"diarrhoea_incidence","mayowilson2011_vitamind_diarrhoea_incidence","nutrition_v4__vitamind__mayowilson2011__diarrhoea_incidence__main","main",NA,NA,12,FALSE,0.0895729139154771,-0.0266081509448438,0.205718587128609,0.0154691643016786,0,0.143888901533531,0.183002078290296,0.108232116204627,0.305437145332121,0.189609847969691,0.112989845923289,0.308865535903942,0.5,0.199233333333333,-0.604143985455107,0.5,1,Inf,0.5,0.465433333333333,-0.0601443911836235,0.5,0.534566666666667,0.0601443911836235,0.25,0.135066666666667,-0.329313197850284,0.25,0.3995,0.300125026630748,0.25,0.0641666666666667,-0.686767776369313,0.25,0.401266666666667,0.303320901655267,0.25,0.135066666666667,-0.329313197850284,0.25,0.3995,0.300125026630748,0.300125026630748,"no_effect",0.629438224481032,"inconclusive_clean_evidence",FALSE,TRUE,0,TRUE,TRUE,TRUE,"ok","sidecar_v4.0","rigor_selected_v1","7011227781d12d21","4.0.0","20260515T185748_mayowilson2011_vitamind_diarrhoea_incidence",0.42,0.57656236884132,0.0386535651962364,0,0.0895729139154771,0.0154691643016786,0.0741037496137985,-82.7300870034488,TRUE,FALSE,TRUE,FALSE,"moderate_negative","strong_positive","inconclusive","inconclusive","No effect",0.629438224481032,2,0.5,TRUE
"nutrition_v4","nutrition_domain","vitamind","vitamind","rakshasbhuvankar2021","rakshasbhuvankar2021",2021,"mortality","rakshasbhuvankar2021_vitamind_mortality","nutrition_v4__vitamind__rakshasbhuvankar2021__mortality__main","main",NA,NA,12,FALSE,0.00839497856687684,-0.136220738328891,0.162272833780247,-0.0015974741818042,-0.0539987292225458,0.0219048322299367,0.0893425323476138,0.00325387101840685,0.287570485313386,0.0140579434764027,0,0.14616034929993,0.5,0.0896,-1.00692423938887,0.5,0.186533333333333,-0.63958331050056,0.5,0.301266666666667,-0.365360379652676,0.5,0.698733333333333,0.365360379652676,0.25,0.0559333333333333,-0.750210707236699,0.25,0.6428,0.732285672594461,0.25,0.0336666666666667,-0.980805586852692,0.25,0.2676,0.0398590281857891,0.25,0.0559333333333333,-0.750210707236699,0.25,0.6428,0.732285672594461,0.732285672594461,"no_effect",1.48249637983116,"clean_no_effect_supported",FALSE,TRUE,0,TRUE,TRUE,TRUE,"ok","sidecar_v4.0","rigor_selected_v1","7011227781d12d21","4.0.0","20260515T185800_rakshasbhuvankar2021_vitamind_mortality",0,0.0500000000000001,1,0,0.00839497856687684,0.0015974741818042,0.00679750438507264,-119.028925077989,TRUE,TRUE,TRUE,FALSE,"strong_negative","moderate_negative","inconclusive","inconclusive","No effect",1.48249637983116,1,1,TRUE
"nutrition_v4","nutrition_domain","vitamind","vitamind","reid2014","reid2014",2014,"femoral_bone_mineral_density","reid2014_vitamind_femoral_bone_mineral_density","nutrition_v4__vitamind__reid2014__femoral_bone_mineral_density__main","main",NA,NA,13,FALSE,0.20292095949066,0.0496870418866802,0.368224440125725,0.0220342614787932,-0.104651660946222,0.252278975342127,0.219052474956596,0.0807303874803359,0.397188835990803,0.165235191071564,0,0.366843415736068,0.5,0.243333333333333,-0.492702997072667,0.5,0.853433333333333,0.765134390594911,0.5,0.889666666666667,0.906520580011789,0.5,0.110333333333333,-0.906520580011789,0.25,0.0837333333333333,-0.562002252366327,0.25,0.0266,-1.08628845055676,0.25,0.1596,-0.244331901999542,0.25,0.730066666666667,0.909227256912985,0.25,0.0837333333333333,-0.562002252366327,0.25,0.0266,-1.08628845055676,-0.562002252366327,"effect",0.524286198190431,"clean_evidence_disfavored",FALSE,TRUE,0,TRUE,TRUE,TRUE,"ok","sidecar_v4.0","rigor_selected_v1","7011227781d12d21","4.0.0","20260515T185801_reid2014_vitamind_femoral_bone_mineral_density",0.23,0.196973614910655,0.214569598605794,0,0.20292095949066,0.0220342614787932,0.180886698011867,-89.1414560949741,TRUE,FALSE,TRUE,TRUE,"inconclusive","moderate_positive","moderate_positive","moderate_negative","Effect",0.524286198190433,2,0.5,TRUE
"nutrition_v4","nutrition_domain","vitamind","vitamind","reid2014","reid2014",2014,"lumbar_bone_mineral_density","reid2014_vitamind_lumbar_bone_mineral_density","nutrition_v4__vitamind__reid2014__lumbar_bone_mineral_density__main","main",NA,NA,17,FALSE,0.00361968907359358,-0.0772989081009865,0.0835454338056798,-0.000133628655395319,-0.00363830356722575,0.00251907159583965,0.055784789222307,0.00229031600184564,0.15996156433563,0.00776147137174077,0,0.0893763579629713,0.5,0.0532666666666667,-1.24977214811065,0.5,0.152966666666667,-0.743303698498425,0.5,0.245566666666667,-0.487451453569284,0.5,0.754433333333333,0.487451453569284,0.25,0.0381333333333333,-0.924688850133639,0.25,0.7163,0.879356870082432,0.25,0.0151333333333333,-1.33632158591416,0.25,0.230433333333333,-0.0465796913413906,0.25,0.0381333333333333,-0.924688850133639,0.25,0.7163,0.879356870082432,0.879356870082432,"no_effect",1.80404572021607,"clean_no_effect_supported",FALSE,TRUE,0,TRUE,TRUE,TRUE,"ok","sidecar_v4.0","rigor_selected_v1","7011227781d12d21","4.0.0","20260515T185815_reid2014_vitamind_lumbar_bone_mineral_density",0.06,0.0500000000000001,1,0,0.00361968907359358,0.000133628655395319,0.00348606041819826,-103.691716406533,TRUE,TRUE,TRUE,FALSE,"strong_negative","moderate_negative","inconclusive","inconclusive","No effect",1.80404572021607,2,0.5,TRUE
"nutrition_v4","nutrition_domain","vitamind","vitamind","stockton2011","stockton2011",2011,"muscle_strength","stockton2011_vitamind_muscle_strength","nutrition_v4__vitamind__stockton2011__muscle_strength__main","main",NA,NA,11,FALSE,0.102457474251681,-0.0256143517480818,0.228929698751949,0.00857297621607215,-0.0497797880676631,0.144103406351454,0.0700915474276255,0.00266435106544301,0.21188244703216,0.0154875157625871,0,0.145428783694448,0.5,0.170633333333333,-0.686682701683743,0.5,0.205233333333333,-0.587991745189631,0.5,0.692133333333333,0.351827095961673,0.5,0.307866666666667,-0.351827095961673,0.25,0.0871,-0.543283797350504,0.25,0.220766666666667,-0.0706127670745626,0.25,0.0835333333333333,-0.563135606954351,0.25,0.6086,0.668832381419828,0.25,0.0871,-0.543283797350504,0.25,0.220766666666667,-0.0706127670745626,-0.0706127670745626,"no_effect",0.472671030275941,"inconclusive_clean_evidence",FALSE,TRUE,0,TRUE,TRUE,TRUE,"ok","sidecar_v4.0","rigor_selected_v1","7011227781d12d21","4.0.0","20260515T185828_stockton2011_vitamind_muscle_strength",0,0.0500000000000001,1,6.01158905153323,0.102457474251681,0.00857297621607215,0.0938844980356089,-91.6326492735775,TRUE,FALSE,TRUE,FALSE,"moderate_negative","moderate_negative","inconclusive","inconclusive","No effect",0.472671030275941,1,1,TRUE
"nutrition_v4","nutrition_domain","vitamind","vitamind","yao2019","yao2019",2019,"any_fracture","yao2019_vitamind_any_fracture","nutrition_v4__vitamind__yao2019__any_fracture__main","main",NA,NA,11,FALSE,0.0333276111787178,-0.0342244850800176,0.101128042241319,0.00149224380992564,0,0.0307506894593642,0.0664362366141562,0.0046480983089954,0.159626947978688,0.0158709431464796,0,0.112731919603324,0.5,0.0578333333333333,-1.21194951066925,0.5,0.257766666666667,-0.459313698943571,0.5,0.5431,0.0750586447369225,0.5,0.4569,-0.0750586447369225,0.25,0.0346,-0.968509940970234,0.25,0.4223,0.341039968603157,0.25,0.0232333333333333,-1.14655805227192,0.25,0.519866666666667,0.511651368536363,0.25,0.0346,-0.968509940970234,0.25,0.4223,0.341039968603157,0.341039968603157,"no_effect",1.30954990957339,"inconclusive_clean_evidence",FALSE,TRUE,0,TRUE,TRUE,TRUE,"ok","sidecar_v4.0","rigor_selected_v1","7011227781d12d21","4.0.0","20260515T185830_yao2019_vitamind_any_fracture",0.18,0.0500000000000001,1,0,0.0333276111787178,0.00149224380992564,0.0318353673687922,-95.5224999417944,TRUE,FALSE,TRUE,FALSE,"strong_negative","inconclusive","inconclusive","inconclusive","No effect",1.30954990957339,1,1,TRUE
"nutrition_v4","nutrition_domain","vitamind","vitamind","zhang2019","zhang2019",2019,"all_cause_mortality","zhang2019_vitamind_all_cause_mortality","nutrition_v4__vitamind__zhang2019__all_cause_mortality__main","main",NA,NA,48,FALSE,0.00615823917379009,-0.025930755828369,0.0360638845393747,0.000117536584390967,0,0,0.0285986156694891,0.00144348431235574,0.0747173387383925,0.00234536122863623,0,0.0337885092455507,0.5,0.0176,-1.74677568598294,0.5,0.0936333333333333,-0.985873440673374,0.5,0.211333333333333,-0.571925482410179,0.5,0.788666666666667,0.571925482410179,0.25,0.0145333333333333,-1.35415544961825,0.25,0.774133333333333,1.01208488022063,0.25,0.00306666666666667,-2.03487828990942,0.25,0.208266666666667,-0.102837908999082,0.25,0.0145333333333333,-1.35415544961825,0.25,0.774133333333333,1.01208488022063,1.01208488022063,"no_effect",2.36624032983888,"clean_no_effect_supported",FALSE,TRUE,0,TRUE,TRUE,TRUE,"ok","sidecar_v4.0","rigor_selected_v1","7011227781d12d21","4.0.0","20260515T185845_zhang2019_vitamind_all_cause_mortality",0.04,0.0500000000000001,1,0,0.00615823917379009,0.000117536584390967,0.00604070258939912,-98.0913929928021,TRUE,FALSE,TRUE,FALSE,"strong_negative","moderate_negative","moderate_negative","moderate_positive","No effect",2.36624032983888,1,1,TRUE
